e69de29bb2d1d6434b8b29ae775ad8c2e48c5391	HUB-SKIPPED-INCOMPLETE-ARTEFACTS.txt
12e592266571e8234541adc10fbc542a142226b5	MISSING-COMPARISON-GC-FILE.txt
77e7b1f1cbfe79a0b4e4fb29e67a08a349bd2180	cl/gc/default/AllowanceChargeReasonCode-2.4.gc
4ab411443382bdbe77050299d0f82793e3ba6c30	cl/gc/default/BinaryObjectMimeCode-2.4-incl-deprecated.gc
31214be10cabddce7bfdb67823774c16ecb60f82	cl/gc/default/BinaryObjectMimeCode-2.4.gc
21dcb6f16c0387371c50eba2971df3a92b59d6d8	cl/gc/default/ChannelCode-2.4.gc
001885e50732984e16e5859e12247fa01f88aec2	cl/gc/default/CountryIdentificationCode-2.4.gc
1bb7d49910531b57110cb2205a790884d724c59f	cl/gc/default/CurrencyCode-2.4.gc
87273d68f3892fecfc7bc88c88c0f47020455481	cl/gc/default/LanguageCode-2.4.gc
e8e14cfe26ba4b43fed6e512f767c5b461266b52	cl/gc/default/PackagingTypeCode-2.4-incl-deleted.gc
9a5f8a14276f6bdbbf75cf31c74d8a5eb21f4646	cl/gc/default/PackagingTypeCode-2.4.gc
00c0905e22a3ae0ecea0f5b7535bdf2f0b4e95ff	cl/gc/default/PaymentMeansCode-2.4.gc
a3763b633fb868c1b6c69c0ab775cf10874b2703	cl/gc/default/TransportEquipmentTypeCode-2.4.gc
d913c95a62d19c2b401729942829d90ca6b26c2a	cl/gc/default/TransportModeCode-2.4.gc
22b139f9ccbae9b6ab6f09b4a7cb531c3c02ebf9	cl/gc/default/UnitOfMeasureCode-2.4-incl-deleted.gc
d2f9b04e7e0281638a9d58573efc9e671574682d	cl/gc/default/UnitOfMeasureCode-2.4.gc
8a65d2334e66a5446ac8b42e4bbff0c644246cc1	cva/UBL-DefaultDTQ-2.5.cva
3c6c35069bfdbffdfb05514353d65e8c7b9eb1a9	cva/UBL-DefaultDTQ-2.5.html
920ecb6de7f09ca1e79afda85d4f28e40a591ebe	cva/UBL-DefaultDTQ-2.5.pattern.sch
ba0616eb1f0d839163c95b619dda3ad10047fd43	cva/UBL-DefaultDTQ-2.5.sch
546c1a67dfce3968b49cba5430570c129ce0e9a8	cva/UBL-DocumentConstraints-2.5.patterns.sch
8a65d2334e66a5446ac8b42e4bbff0c644246cc1	endorsed/cva/UBL-DefaultDTQ-2.5.cva
cdcc1dba1ba9bfcfde7199d2a1f527b4b4007d0a	endorsed/mod/UBL-Endorsed-Entities-2.5.gc
322a6f56a60b74aa8c8624ecb9e69350ca58d7a1	endorsed/mod/UBL-Endorsed-Entities-2.5.ods
11c5ba2427d16d0a8dcbc963a8504cefd5217196	endorsed/mod/UBL-Endorsed-Entities-2.5.xls
d84432693962c80b75acc5553fecd936961f8320	endorsed/mod/summary/ReportLegend1.png
a77f644abb8ff4bb125643ae4fe0a8811129ce1d	endorsed/mod/summary/ReportLegend2.png
688ad495e2b63534afd4381e9a686965365598ed	endorsed/mod/summary/ReportLegend3.png
2636ef73f8aa8fcfa4f72b3dca7b2fbd6f2324d7	endorsed/mod/summary/ReportLegend4.png
c2c47de3d97879e7073cdcd3c75079833793111e	endorsed/mod/summary/readme-Reports.html
82d9d3ebf1a1cb9b5e690b433fd911a1c54a65c7	endorsed/xsd/common/BDNDR-CCTS_CCT_SchemaModule-1.1.xsd
a5788876f702dad09e9c1eaf5f3a613d80f54393	endorsed/xsd/common/BDNDR-UnqualifiedDataTypes-1.1.xsd
70f711c328d229969e173d36c530254f571cf080	endorsed/xsd/common/UBL-CommonAggregateComponents-2.5.xsd
7ca7b69719b56318e049af55e5f3cb46e050c835	endorsed/xsd/common/UBL-CommonBasicComponents-2.5.xsd
b057b2b7b1aebe2533644c265da7b57514b92562	endorsed/xsd/common/UBL-CommonExtensionComponents-2.5.xsd
c4c55527379a6f7f6fe9028e3f27284721974254	endorsed/xsd/common/UBL-CommonSignatureComponents-2.5.xsd
cae22dc333e2c5ad71711d8b7227fa7e3477932a	endorsed/xsd/common/UBL-ExtensionContentDataType-2.5.xsd
d30e964989c5785285234efbb5ac0ed0dcdbbd47	endorsed/xsd/common/UBL-QualifiedDataTypes-2.5.xsd
26be2f0ea8f526c7358ae14769831c96dcf8418c	endorsed/xsd/common/UBL-SignatureAggregateComponents-2.5.xsd
d64f731cce1d300addeefaa895e430f037335519	endorsed/xsd/common/UBL-SignatureBasicComponents-2.5.xsd
dd713452704a7be95d86c6c8a215e8ab42e1c67f	endorsed/xsd/common/UBL-XAdES01903v132-201601-2.5.xsd
254f8e06c92d042ce5a4a4b73d6471f874ea0122	endorsed/xsd/common/UBL-XAdES01903v141-201601-2.5.xsd
fdb57cab7b1ce37099138198b9d08deb6ffe6c23	endorsed/xsd/common/UBL-xmldsig-core-schema-2.5.xsd
b692a584323d4f0f1808d33a16c82d2c1adcbdd0	endorsed/xsd/common/UBL-xmldsig1-schema-2.5.xsd
fd2e0a367a03c4ebecf95cb4b7865d073cfe1d07	endorsed/xsd/common/UBL-xmldsig11-schema-2.5.xsd
cbd818817373d6fc680c0030082c673ade169da5	endorsed/xsd/maindoc/UBL-ApplicationResponse-2.5.xsd
48cf405c6ac5bab0299388ab8310afc5772895e4	endorsed/xsd/maindoc/UBL-AwardedNotification-2.5.xsd
112438ad77d103199652f334bde7a5c2425b2bbf	endorsed/xsd/maindoc/UBL-BillOfLading-2.5.xsd
0015511d873195e6051f3dcd4bf3942a93b6eba6	endorsed/xsd/maindoc/UBL-BusinessCard-2.5.xsd
62e7c337fb0c787465818025fed909e3ec9e630e	endorsed/xsd/maindoc/UBL-BusinessInformation-2.5.xsd
a66a9c923fe9c952fb06cd67c4b61fe0e368b951	endorsed/xsd/maindoc/UBL-CallForTenders-2.5.xsd
74e9c0901f959cce7260137586ec053081030b6c	endorsed/xsd/maindoc/UBL-Catalogue-2.5.xsd
14a0135506170fa06ca4bdc60c20e20bfe5c399c	endorsed/xsd/maindoc/UBL-CatalogueDeletion-2.5.xsd
679332dfc0c0932ca06644fa2150ec9d31f2c1b3	endorsed/xsd/maindoc/UBL-CatalogueItemSpecificationUpdate-2.5.xsd
6a4374f959179d8371338409e6de6daefeb774ab	endorsed/xsd/maindoc/UBL-CataloguePricingUpdate-2.5.xsd
840af27f6f040a923163ca3964899f31cf962e56	endorsed/xsd/maindoc/UBL-CatalogueRequest-2.5.xsd
e06ac98475599dc7c99b0757a4f0cb9b4bf9aff1	endorsed/xsd/maindoc/UBL-CertificateOfOrigin-2.5.xsd
53b22e6c48f6cb0d550a54aba1c162e0f38cdf62	endorsed/xsd/maindoc/UBL-CommonTransportationReport-2.5.xsd
2bd4f7ba22e0833f3bae68975e2296e6f14f6437	endorsed/xsd/maindoc/UBL-ContractAwardNotice-2.5.xsd
27f14d32d84adaba197abcc68a648cdcfec15b92	endorsed/xsd/maindoc/UBL-ContractNotice-2.5.xsd
ad289fef8c6337ce0b5d7e49d3933c8ca2592d93	endorsed/xsd/maindoc/UBL-CreditNote-2.5.xsd
dc312c099698a5c0227df10478e772cf585be8b3	endorsed/xsd/maindoc/UBL-DebitNote-2.5.xsd
8a86b2499a87a19bfc01cb6b9f241a85057bc03d	endorsed/xsd/maindoc/UBL-DeliveryNote-2.5.xsd
165fc4b204b9a3c17d02ae5aa430d950b965c43c	endorsed/xsd/maindoc/UBL-DespatchAdvice-2.5.xsd
70374895ce654805ee99fa134ecd7bd0a48e6461	endorsed/xsd/maindoc/UBL-DigitalAgreement-2.5.xsd
75919727932b1e201486ab2b5890d4ad3c396421	endorsed/xsd/maindoc/UBL-DigitalCapability-2.5.xsd
1ce99d8dd7ef391ad7f0f6042295a0487db6d607	endorsed/xsd/maindoc/UBL-DocumentStatus-2.5.xsd
877f9d930f60516f1c9d85a8d25eec13e74db7fa	endorsed/xsd/maindoc/UBL-DocumentStatusRequest-2.5.xsd
938d8cd6ef6fcb946bdab94edb3bb6201d2fe308	endorsed/xsd/maindoc/UBL-ExceptionCriteria-2.5.xsd
65a4ffd40bfb6acc2f7f1cfe3249e1753e138b46	endorsed/xsd/maindoc/UBL-ExceptionNotification-2.5.xsd
32786a1de68f7ae5b3df32d7765e9ef3379c5260	endorsed/xsd/maindoc/UBL-ExportCustomsDeclaration-2.5.xsd
03ba351c72f1d45593eb6c61989a958d8d73795e	endorsed/xsd/maindoc/UBL-ExpressionOfInterestRequest-2.5.xsd
bcd6bba99430ab3b58770498e4cd21dd303e4f80	endorsed/xsd/maindoc/UBL-ExpressionOfInterestResponse-2.5.xsd
bba9c4384a266b7c00e23bc322d9da2196c38ac0	endorsed/xsd/maindoc/UBL-Forecast-2.5.xsd
1e0de9b935eddc03546860f2f458b06654895034	endorsed/xsd/maindoc/UBL-ForecastRevision-2.5.xsd
5ee60c99cce893540180bcda08f8f04aaba10609	endorsed/xsd/maindoc/UBL-ForwardingInstructions-2.5.xsd
4cc58e0c3137461ae593f073144e76da7d59d981	endorsed/xsd/maindoc/UBL-FulfilmentCancellation-2.5.xsd
744dbe8722ebfe628d5828d0deebfe18fc93f4d2	endorsed/xsd/maindoc/UBL-GoodsCertificate-2.5.xsd
a586774ecc731167cff12f84d7f0526d926a35b1	endorsed/xsd/maindoc/UBL-GoodsItemItinerary-2.5.xsd
77953fa2a7940edd189278c3da8821cfde6dcc31	endorsed/xsd/maindoc/UBL-GoodsItemPassport-2.5.xsd
93f787921302f58bee359f4811d61725406e9d4b	endorsed/xsd/maindoc/UBL-GuaranteeCertificate-2.5.xsd
fc9f713a246bbfeaa03b0a838bd2a890915ea7f5	endorsed/xsd/maindoc/UBL-ImportCustomsDeclaration-2.5.xsd
eb5368ebdd5468d0a786e3c82682359eccdb7bb9	endorsed/xsd/maindoc/UBL-InstructionForReturns-2.5.xsd
04de1a66c4c1d4298acf8ca9b6602d143ab05c70	endorsed/xsd/maindoc/UBL-InventoryReport-2.5.xsd
c0018a4476efd8aee77ee6399426a718b8d4216c	endorsed/xsd/maindoc/UBL-Invoice-2.5.xsd
318a0724cf7fe61df5672790952c67a1446d3e1f	endorsed/xsd/maindoc/UBL-InvoiceStatusRequest-2.5.xsd
7111e7fb101809f62d0eb3f95bc5adbbffcf6837	endorsed/xsd/maindoc/UBL-InvoiceStatusResponse-2.5.xsd
d6fd32e9523cb717932fb9d17ab76dfbc9501788	endorsed/xsd/maindoc/UBL-ItemInformationRequest-2.5.xsd
6773b0a12d6b59c49b8e233a5b875bd0ad2b73f8	endorsed/xsd/maindoc/UBL-Manifest-2.5.xsd
a9ac0561e59a435b79cbaeb9b9abfd89213b0abf	endorsed/xsd/maindoc/UBL-Order-2.5.xsd
9c0ef96c169a4baa1bcc85d9c7b440e0074beefe	endorsed/xsd/maindoc/UBL-OrderCancellation-2.5.xsd
57c586d966301e4e1a01701612cb370f92f73eb4	endorsed/xsd/maindoc/UBL-OrderChange-2.5.xsd
efb523790fe217e5e689da16145f196847df1b11	endorsed/xsd/maindoc/UBL-OrderResponse-2.5.xsd
0e45a6b3c13e5ddb1aae5e7133cb16626154c13d	endorsed/xsd/maindoc/UBL-PackingList-2.5.xsd
5f583d98b1c01185231bb4fd0633c110f1f400ba	endorsed/xsd/maindoc/UBL-PriorInformationNotice-2.5.xsd
c808f715ab8b78fcc70e6f47fa162756a418026a	endorsed/xsd/maindoc/UBL-ProcurementStatus-2.5.xsd
e39e1b7e114d8da0d9ade1fc4536dad04cc3f3f5	endorsed/xsd/maindoc/UBL-ProcurementStatusRequest-2.5.xsd
e7ede1208f08ba3817f80ecc2ffebbd94668e120	endorsed/xsd/maindoc/UBL-ProductActivity-2.5.xsd
5025d44f92587080fe234b7e9b5c3e956f53ead1	endorsed/xsd/maindoc/UBL-ProofOfReexportation-2.5.xsd
34bcb2663f09805a38d7ec79bc853a1263755c41	endorsed/xsd/maindoc/UBL-ProofOfReexportationReminder-2.5.xsd
db41267db8d5c505fce36f527baa8eed9eae5d13	endorsed/xsd/maindoc/UBL-ProofOfReexportationRequest-2.5.xsd
b53199f70288084eebf8a9ab4b455bfa4d5574e7	endorsed/xsd/maindoc/UBL-PurchaseReceipt-2.5.xsd
5fa338c6ade72d6bcac600659e1e00c8318317ff	endorsed/xsd/maindoc/UBL-QualificationApplicationRequest-2.5.xsd
61448c8918282ba735a3d6dc6340d99a1fe97869	endorsed/xsd/maindoc/UBL-QualificationApplicationResponse-2.5.xsd
b8947d1af558cfdfa920ee1c1b4d6b8b18b6a2b3	endorsed/xsd/maindoc/UBL-Quotation-2.5.xsd
6e92b8dc201d9d168ed54a70b58f8698ac552542	endorsed/xsd/maindoc/UBL-ReceiptAdvice-2.5.xsd
509c02a6e3b8550403606cbc6b0d8ecafdee0039	endorsed/xsd/maindoc/UBL-Reminder-2.5.xsd
18a2f4aa054617a3492ed86ae9f244debdf6b327	endorsed/xsd/maindoc/UBL-RemittanceAdvice-2.5.xsd
dbb365af6f9437fdc4fc98454405020226a55017	endorsed/xsd/maindoc/UBL-RequestForQuotation-2.5.xsd
c41a0bb8d71ccc5bc65451324279fe3b7f32da3c	endorsed/xsd/maindoc/UBL-RetailEvent-2.5.xsd
23773e364e466bbb4363053e201f08f266a50620	endorsed/xsd/maindoc/UBL-SelfBilledCreditNote-2.5.xsd
d2ae2b1980cdf262149847835bed282637aa4114	endorsed/xsd/maindoc/UBL-SelfBilledInvoice-2.5.xsd
7f596e8b44cfbc30fdd9749b825893d7d8432eb1	endorsed/xsd/maindoc/UBL-Statement-2.5.xsd
a81a73453aad7b34317966378a61b1f0e98673a3	endorsed/xsd/maindoc/UBL-Tender-2.5.xsd
a8caf5594417d0da0487a7738dddb33ddf869edf	endorsed/xsd/maindoc/UBL-TenderContract-2.5.xsd
da859d113fda94605a7343ebd2053771813cea87	endorsed/xsd/maindoc/UBL-TenderReceipt-2.5.xsd
cd72707b2f73da64627cbeadb75d2d0812496e22	endorsed/xsd/maindoc/UBL-TenderWithdrawal-2.5.xsd
2a79d06ceccfc27d548faca941f7b956f81c3124	endorsed/xsd/maindoc/UBL-TendererQualification-2.5.xsd
9c4f97054e5b2aa4b556294f939590617db038a1	endorsed/xsd/maindoc/UBL-TendererQualificationResponse-2.5.xsd
ab38e4e0349b0ff71b35b205d4d8a74059b409c0	endorsed/xsd/maindoc/UBL-TradeItemLocationProfile-2.5.xsd
888409f1a15813d4043f56aeef8600090220a7d8	endorsed/xsd/maindoc/UBL-TransitCustomsDeclaration-2.5.xsd
6fb73054a2ac18d464f2c33979c84e64cb9476ee	endorsed/xsd/maindoc/UBL-TransportExecutionPlan-2.5.xsd
dce037be9d371c1228c2330beccfa0cb4883e2c9	endorsed/xsd/maindoc/UBL-TransportExecutionPlanRequest-2.5.xsd
6d732151736e5aa6dd8f3afc8b33f4360bbe1028	endorsed/xsd/maindoc/UBL-TransportProgressStatus-2.5.xsd
275b26ec9c9b6ec81ae0f99ee55af8344b424d21	endorsed/xsd/maindoc/UBL-TransportProgressStatusRequest-2.5.xsd
d0b258c87970e5471a867f7dac44f41e4d2620f1	endorsed/xsd/maindoc/UBL-TransportServiceDescription-2.5.xsd
ba7ef318b8117a9270f672f9d9a097482f9b398a	endorsed/xsd/maindoc/UBL-TransportServiceDescriptionRequest-2.5.xsd
32b7b74392a43b5f8d6b6f23cebe3de64ec4928a	endorsed/xsd/maindoc/UBL-TransportationStatus-2.5.xsd
847467f5d67c601fce1e7881d14483880797271e	endorsed/xsd/maindoc/UBL-TransportationStatusRequest-2.5.xsd
edddbfa38ed5b53d8b0eb0e163485a41a969d663	endorsed/xsd/maindoc/UBL-UnawardedNotification-2.5.xsd
a9a8f87c7cc7797646a0b250d08a2dca9fee2df8	endorsed/xsd/maindoc/UBL-UnsubscribeFromProcedureRequest-2.5.xsd
bc634741d9cab55041322ab8d807666a18fc88e7	endorsed/xsd/maindoc/UBL-UnsubscribeFromProcedureResponse-2.5.xsd
04178a222f4a94c0f4ce15dc91e1aa464e0850a8	endorsed/xsd/maindoc/UBL-UtilityStatement-2.5.xsd
88bc4021ab36b045c7e193e7090320dffb07e3c5	endorsed/xsd/maindoc/UBL-WasteMovement-2.5.xsd
ccd49cf8cb563abc083d04f41676122ef3de5cd3	endorsed/xsd/maindoc/UBL-WasteNotification-2.5.xsd
a8413b2331a5d493d2022c394805e1fbca998f74	endorsed/xsd/maindoc/UBL-Waybill-2.5.xsd
28ed719f411b80e2f02bb85546417d0bfeff066c	endorsed/xsd/maindoc/UBL-WeightStatement-2.5.xsd
93f2f55f7f4a406b052862d6d6654438bd644b80	endorsed/xsd/maindoc/UBL-WorkReport-2.5.xsd
5be7ba1d7ad7fe2c561ddc5918899a665d28c6b8	endorsed/xsdrt/common/BDNDR-CCTS_CCT_SchemaModule-1.1.xsd
4a3a80b44e48af7fc5ab61ac72ab001fbc9668b1	endorsed/xsdrt/common/BDNDR-UnqualifiedDataTypes-1.1.xsd
7acd2ce892beb4d225adb17f9427cae06cb0efb9	endorsed/xsdrt/common/UBL-CommonAggregateComponents-2.5.xsd
31e51ebaa351b8d7c4191429b68e624e4ab440ca	endorsed/xsdrt/common/UBL-CommonBasicComponents-2.5.xsd
b057b2b7b1aebe2533644c265da7b57514b92562	endorsed/xsdrt/common/UBL-CommonExtensionComponents-2.5.xsd
c4c55527379a6f7f6fe9028e3f27284721974254	endorsed/xsdrt/common/UBL-CommonSignatureComponents-2.5.xsd
cae22dc333e2c5ad71711d8b7227fa7e3477932a	endorsed/xsdrt/common/UBL-ExtensionContentDataType-2.5.xsd
5e0bfd83ec8b9d248110e62e0ff9d9bc5fc62ab2	endorsed/xsdrt/common/UBL-QualifiedDataTypes-2.5.xsd
9278d3d99e215343dc21cf215b73883dd7e7f29b	endorsed/xsdrt/common/UBL-SignatureAggregateComponents-2.5.xsd
c7ffa423827d43f5d23734b94740d91d561cdb9a	endorsed/xsdrt/common/UBL-SignatureBasicComponents-2.5.xsd
dd713452704a7be95d86c6c8a215e8ab42e1c67f	endorsed/xsdrt/common/UBL-XAdES01903v132-201601-2.5.xsd
254f8e06c92d042ce5a4a4b73d6471f874ea0122	endorsed/xsdrt/common/UBL-XAdES01903v141-201601-2.5.xsd
fdb57cab7b1ce37099138198b9d08deb6ffe6c23	endorsed/xsdrt/common/UBL-xmldsig-core-schema-2.5.xsd
b692a584323d4f0f1808d33a16c82d2c1adcbdd0	endorsed/xsdrt/common/UBL-xmldsig1-schema-2.5.xsd
fd2e0a367a03c4ebecf95cb4b7865d073cfe1d07	endorsed/xsdrt/common/UBL-xmldsig11-schema-2.5.xsd
e9506d3e54fb85d6015239623d96a7ca25eaee91	endorsed/xsdrt/maindoc/UBL-ApplicationResponse-2.5.xsd
dd458f1c9f758d9516e6dac53686f876ba86cd19	endorsed/xsdrt/maindoc/UBL-AwardedNotification-2.5.xsd
8abc8d75dc1aac0ec81ea30dbfc0f41967acf209	endorsed/xsdrt/maindoc/UBL-BillOfLading-2.5.xsd
d97bc2d79d97f07ada364e4b688784fe0f10e331	endorsed/xsdrt/maindoc/UBL-BusinessCard-2.5.xsd
fe89f80572cb87dc3f571bfa65b0c76d834f3ca8	endorsed/xsdrt/maindoc/UBL-BusinessInformation-2.5.xsd
44870fee0667930b5150c1651ab3fb11cb2da783	endorsed/xsdrt/maindoc/UBL-CallForTenders-2.5.xsd
c9c8ac82051e92e621b26528fa0a4313afb8f62b	endorsed/xsdrt/maindoc/UBL-Catalogue-2.5.xsd
a1a0f79e63f4167587ad139502451df3e1bccf1f	endorsed/xsdrt/maindoc/UBL-CatalogueDeletion-2.5.xsd
368bfa5f3e405a65189d9701f48654964ee32c89	endorsed/xsdrt/maindoc/UBL-CatalogueItemSpecificationUpdate-2.5.xsd
3c2e16033eaa7d13b0fdb2a68bf0dc53f2a63be2	endorsed/xsdrt/maindoc/UBL-CataloguePricingUpdate-2.5.xsd
599c2941723a495f174431ef210989fc9756d6a4	endorsed/xsdrt/maindoc/UBL-CatalogueRequest-2.5.xsd
3d5eae6800d0d3a84216b3467a55e5b3e94db5a1	endorsed/xsdrt/maindoc/UBL-CertificateOfOrigin-2.5.xsd
ba061f10ddbc8716091a8e708b1ae5fe584b4792	endorsed/xsdrt/maindoc/UBL-CommonTransportationReport-2.5.xsd
b92f69f31fb103389da51a90aa5ccca708b6e9d9	endorsed/xsdrt/maindoc/UBL-ContractAwardNotice-2.5.xsd
a9370134cafdf531a5c894bf34364591e47bb0e0	endorsed/xsdrt/maindoc/UBL-ContractNotice-2.5.xsd
abaaa662f10b4e50ed49c895e32678ab47a696c6	endorsed/xsdrt/maindoc/UBL-CreditNote-2.5.xsd
c0d52f39b4bee35145ab1b29e4cf04262e62de5f	endorsed/xsdrt/maindoc/UBL-DebitNote-2.5.xsd
360f3e36266270a6a1e3d44e87b28fb37d474141	endorsed/xsdrt/maindoc/UBL-DeliveryNote-2.5.xsd
1ed158766167cdb7f0203aca990d440708c1589d	endorsed/xsdrt/maindoc/UBL-DespatchAdvice-2.5.xsd
079b1d7f6b7f7da685a622e68709856699d273ab	endorsed/xsdrt/maindoc/UBL-DigitalAgreement-2.5.xsd
815921aea6fc5742044edcce4bd2608ea95cb774	endorsed/xsdrt/maindoc/UBL-DigitalCapability-2.5.xsd
1f7bf7b93098be98feab621498698dbf7f160987	endorsed/xsdrt/maindoc/UBL-DocumentStatus-2.5.xsd
0f6deb2fc855428915e690c2e005ab7a414ac964	endorsed/xsdrt/maindoc/UBL-DocumentStatusRequest-2.5.xsd
17f1f0153c9027f36b0c9545dac33d1fe86cced9	endorsed/xsdrt/maindoc/UBL-ExceptionCriteria-2.5.xsd
ff9d714ba52f49bc195f8f4bf34ea9f2f99f5e9c	endorsed/xsdrt/maindoc/UBL-ExceptionNotification-2.5.xsd
0012529422514cee477843d3ff8c96c0aca06d50	endorsed/xsdrt/maindoc/UBL-ExportCustomsDeclaration-2.5.xsd
25dea77e2339246124847625a1589f5701c53456	endorsed/xsdrt/maindoc/UBL-ExpressionOfInterestRequest-2.5.xsd
f3e4a4148fd688077b5696c46335bb3f0987688c	endorsed/xsdrt/maindoc/UBL-ExpressionOfInterestResponse-2.5.xsd
2990efd6257c823d75f7ca5c0c157c81b8a84966	endorsed/xsdrt/maindoc/UBL-Forecast-2.5.xsd
a0e4a0cb60066f36738e4819f6af9e23261b77e6	endorsed/xsdrt/maindoc/UBL-ForecastRevision-2.5.xsd
f108072b0e9fead95470c73e7293722136b502eb	endorsed/xsdrt/maindoc/UBL-ForwardingInstructions-2.5.xsd
af2aef8d4846ff4a5efbd8a9ef8031bad3a6499b	endorsed/xsdrt/maindoc/UBL-FulfilmentCancellation-2.5.xsd
452cea0a78a760044ff115c3f3e5e4926de88e12	endorsed/xsdrt/maindoc/UBL-GoodsCertificate-2.5.xsd
20bb94e5a466c2c46b8558f56817d3f0c6faf9c5	endorsed/xsdrt/maindoc/UBL-GoodsItemItinerary-2.5.xsd
2f9191b11bb055a1eed92efb9072a5437585167e	endorsed/xsdrt/maindoc/UBL-GoodsItemPassport-2.5.xsd
35b6d6ed3764be0d8114dd952f507c5db0e63324	endorsed/xsdrt/maindoc/UBL-GuaranteeCertificate-2.5.xsd
653af0ce8f9c7b1029a84b31fcc57daf5e69c213	endorsed/xsdrt/maindoc/UBL-ImportCustomsDeclaration-2.5.xsd
712b1bbb268151724a8552407be95c8be8a45033	endorsed/xsdrt/maindoc/UBL-InstructionForReturns-2.5.xsd
3acff4f088699f05ad3a39604985b194aebf820f	endorsed/xsdrt/maindoc/UBL-InventoryReport-2.5.xsd
b13570d3e370d6b5401ffbc8323596155941fedb	endorsed/xsdrt/maindoc/UBL-Invoice-2.5.xsd
93f1b3c033a7a7ddd0d5426e1e86af4294c55587	endorsed/xsdrt/maindoc/UBL-InvoiceStatusRequest-2.5.xsd
451a084befae8487bfef5a146119a92030c706d9	endorsed/xsdrt/maindoc/UBL-InvoiceStatusResponse-2.5.xsd
85ae6fc7dd6e4ee2992ab904c5e25595f96102e6	endorsed/xsdrt/maindoc/UBL-ItemInformationRequest-2.5.xsd
81461ee640a935c4d21c64829847858117e4e716	endorsed/xsdrt/maindoc/UBL-Manifest-2.5.xsd
f814c7d463859914b29ec5a715a9ae9df10016ba	endorsed/xsdrt/maindoc/UBL-Order-2.5.xsd
160f852cdff0d7e25a3758e393154d170a956928	endorsed/xsdrt/maindoc/UBL-OrderCancellation-2.5.xsd
80303a3eeda4d42b88cf7e424ac3c56d21d55b28	endorsed/xsdrt/maindoc/UBL-OrderChange-2.5.xsd
1e024d68f5745b2a82de3445985492838b8c8711	endorsed/xsdrt/maindoc/UBL-OrderResponse-2.5.xsd
f146b3eec2a1147e0e19eb4283efeba7aea9b16b	endorsed/xsdrt/maindoc/UBL-PackingList-2.5.xsd
a60c35745b6bab44b6abc9c1dd8f50b4c685a639	endorsed/xsdrt/maindoc/UBL-PriorInformationNotice-2.5.xsd
ca2e5f42eb9e789872a9cc7e85fb64181fd3bea5	endorsed/xsdrt/maindoc/UBL-ProcurementStatus-2.5.xsd
8e49e0b611c7723dfd00e48fe4d1043e5902ce9a	endorsed/xsdrt/maindoc/UBL-ProcurementStatusRequest-2.5.xsd
4a3c8029a07b9cc24d93ff6001e08f123085d546	endorsed/xsdrt/maindoc/UBL-ProductActivity-2.5.xsd
efcc7f8bd1dddbf1efd8447cc5e54ab4c8bf124c	endorsed/xsdrt/maindoc/UBL-ProofOfReexportation-2.5.xsd
14240534cc09f3314ea65d134fe6576589f026a3	endorsed/xsdrt/maindoc/UBL-ProofOfReexportationReminder-2.5.xsd
94ece74ecac62f8bd357b9da501ea0dc8a2861b8	endorsed/xsdrt/maindoc/UBL-ProofOfReexportationRequest-2.5.xsd
f1084413eccebbf6b30701ca4c1d7a7ade5183a5	endorsed/xsdrt/maindoc/UBL-PurchaseReceipt-2.5.xsd
e54b28e53a7a550987a0019dccf0d7bdaca84792	endorsed/xsdrt/maindoc/UBL-QualificationApplicationRequest-2.5.xsd
d61a72267d6e88b226440e97c6d0f3f78122fe3c	endorsed/xsdrt/maindoc/UBL-QualificationApplicationResponse-2.5.xsd
c0ca469c88972fc134c0643c1dfc379ecf43beef	endorsed/xsdrt/maindoc/UBL-Quotation-2.5.xsd
ecc51605bb0efaab90a9cce63672858fcc9c53f2	endorsed/xsdrt/maindoc/UBL-ReceiptAdvice-2.5.xsd
16b1a0849074f4882dd3b0235166cc37b9575312	endorsed/xsdrt/maindoc/UBL-Reminder-2.5.xsd
3491516929a0ab5f23d33fd4ecedf405db406845	endorsed/xsdrt/maindoc/UBL-RemittanceAdvice-2.5.xsd
fc385bf1373da3b58d687798d01d263529b0265b	endorsed/xsdrt/maindoc/UBL-RequestForQuotation-2.5.xsd
a71a1da684505496744e0b8bbaf767bfc5051acb	endorsed/xsdrt/maindoc/UBL-RetailEvent-2.5.xsd
dad629c8dd31176665fc401184af0447d09a91eb	endorsed/xsdrt/maindoc/UBL-SelfBilledCreditNote-2.5.xsd
c879e696ba89c475388691d3c918200c00ce004f	endorsed/xsdrt/maindoc/UBL-SelfBilledInvoice-2.5.xsd
f82827fd7d2856f95e81a284dc2424f47a2d6a3f	endorsed/xsdrt/maindoc/UBL-Statement-2.5.xsd
c0bab6110b8d2ae01124d95308a9a2556751e313	endorsed/xsdrt/maindoc/UBL-Tender-2.5.xsd
0dfc80ebd411d6b7a095de1e69cca1a90e76f942	endorsed/xsdrt/maindoc/UBL-TenderContract-2.5.xsd
3980c05d280aa59740c9af470408a1d0e59a4790	endorsed/xsdrt/maindoc/UBL-TenderReceipt-2.5.xsd
e5af5449f435967b49c73a84878133ef9eecf8f5	endorsed/xsdrt/maindoc/UBL-TenderWithdrawal-2.5.xsd
1301b62acf8cb674793a4539444fb3986d3099d5	endorsed/xsdrt/maindoc/UBL-TendererQualification-2.5.xsd
31c6fd191479430bb771e1911b95e4b2c26ad3bf	endorsed/xsdrt/maindoc/UBL-TendererQualificationResponse-2.5.xsd
267a533766dd1b6813f2337c3fa27d2fd93d2ab8	endorsed/xsdrt/maindoc/UBL-TradeItemLocationProfile-2.5.xsd
8c3a85498ecf37e8a6bd6b30af67f702d31bd62f	endorsed/xsdrt/maindoc/UBL-TransitCustomsDeclaration-2.5.xsd
5bff11614a0ce952d2d95b8a8ff246ee719a3ea4	endorsed/xsdrt/maindoc/UBL-TransportExecutionPlan-2.5.xsd
280ccc0dbdb206767a8766b4b229be5adf092502	endorsed/xsdrt/maindoc/UBL-TransportExecutionPlanRequest-2.5.xsd
93ca1b434d57ac0e56e5819a3110fd9d1f1f1936	endorsed/xsdrt/maindoc/UBL-TransportProgressStatus-2.5.xsd
4de4bf2856e223a5a079520559a66fcc026269a1	endorsed/xsdrt/maindoc/UBL-TransportProgressStatusRequest-2.5.xsd
d15600c004b6905c15d7bc0a07b946c9c2019053	endorsed/xsdrt/maindoc/UBL-TransportServiceDescription-2.5.xsd
8202c8ed872731e701846b8af2f3d35070b24cd2	endorsed/xsdrt/maindoc/UBL-TransportServiceDescriptionRequest-2.5.xsd
249bc4554fe13b1d7dad7db046f82f6a53ad3529	endorsed/xsdrt/maindoc/UBL-TransportationStatus-2.5.xsd
7c550a25dee46e67a6ace0391616a599968c603d	endorsed/xsdrt/maindoc/UBL-TransportationStatusRequest-2.5.xsd
60e4fff71aebcc9b8c90036b66656b869f93f74e	endorsed/xsdrt/maindoc/UBL-UnawardedNotification-2.5.xsd
d2288c399ef146bad09f91e7bf426bceda9dc27a	endorsed/xsdrt/maindoc/UBL-UnsubscribeFromProcedureRequest-2.5.xsd
be104a906978834c609dee5022d7c206bad96ec0	endorsed/xsdrt/maindoc/UBL-UnsubscribeFromProcedureResponse-2.5.xsd
c5c590649769c6f288d8ae558a7f7de459892680	endorsed/xsdrt/maindoc/UBL-UtilityStatement-2.5.xsd
7e9022ced4d02b85185b6e146b131d2c6c0cdc09	endorsed/xsdrt/maindoc/UBL-WasteMovement-2.5.xsd
1050ccc314efb5aaa2a213195eac69008b5e1519	endorsed/xsdrt/maindoc/UBL-WasteNotification-2.5.xsd
d52845da042c8e94548bf9a4180aa7612250ab14	endorsed/xsdrt/maindoc/UBL-Waybill-2.5.xsd
2328cc318f072185a677ddf143cca7db93b1b417	endorsed/xsdrt/maindoc/UBL-WeightStatement-2.5.xsd
61e635c8bc03c4cc8f32842eea5866f2cd7a226e	endorsed/xsdrt/maindoc/UBL-WorkReport-2.5.xsd
63cba6b0ba9c767e738aa4efc4e1df943641ae72	mod/UBL-Entities-2.5.gc
b4c955ff220ce6292cd0c861a69c56a0dd82f873	mod/UBL-Entities-2.5.ods
5b527db5906e9b5f909478abcf8c78d463d1b186	mod/UBL-Entities-2.5.xls
b5b01796f8b62939c164833878ab893f39a8f291	mod/UBL-Signature-Entities-2.5.gc
298b9b5cb1d16ffa997f7b13324acc767e28a0c0	mod/UBL-Signature-Entities-2.5.ods
ff962314726925327207f02a97bfb6bdd7a3d98e	mod/UBL-Signature-Entities-2.5.xls
d84432693962c80b75acc5553fecd936961f8320	mod/summary/ReportLegend1.png
a77f644abb8ff4bb125643ae4fe0a8811129ce1d	mod/summary/ReportLegend2.png
688ad495e2b63534afd4381e9a686965365598ed	mod/summary/ReportLegend3.png
2636ef73f8aa8fcfa4f72b3dca7b2fbd6f2324d7	mod/summary/ReportLegend4.png
c2c47de3d97879e7073cdcd3c75079833793111e	mod/summary/readme-Reports.html
e4643497d10ec1e35cb05d75e9f4fc7043fefb22	val/UBL-DefaultDTQ-2.5.xsl
957b6752af9a60c1bb2a4f65db0e90e5ce00f521	val/lib/commons-codec-1.3.jar
7c59774aed4f5dd08778489aaad565690ff7c132	val/lib/commons-httpclient-3.1.jar
8758a96b70cfba9466bacca19c0d99b87cf53734	val/lib/commons-logging-1.1.1.jar
de9b007b4c9caf12aa9619e4a5d473ff8b299645	val/lib/serializer.jar
2fbc3de0eaf3d0754fe6905d5088add299e1ac96	val/lib/xercesImpl.jar
46733464fc746776c331ecc51061f3a05e662fd1	val/lib/xml-apis.jar
24beb32d31b825af70c802f73d24ef5ab3e4a434	val/lib/xmlresolver.jar
a155b84a0ba8ca16a98e8d7170d5706d11c452dd	val/notices-saxon9he/CERN.txt
1eb55f73d41891db39c95475ed8566347baa5a25	val/notices-saxon9he/JAMESCLARK.txt
c71e017b31c8717217a442784ebec73ec453ac1b	val/notices-saxon9he/LICENSE.txt
827ffecf6b097bb56a149a1bcca90326d2295d8d	val/notices-saxon9he/THAI.txt
cef16068b361599b1ba06360569282faa7e6b929	val/notices-saxon9he/UNICODE.txt
a6b82dd97fd750ee4dcace0ec925b184be3985ef	val/notices-xjparse/APACHE-CODEC.txt
d1f571e43579147b4872e2f397d76f7924deb3cc	val/notices-xjparse/APACHE-HTTPCLIENT.txt
f4312184c60591f75218241a40971ffe1dc318ca	val/notices-xjparse/APACHE-LOGGING.txt
375327262983baf3f557f8b3acd2d77ef773afb3	val/notices-xjparse/APACHE-XERCES.txt
2f211dde02315b441e353d44e51a84294f899b20	val/order-test-bad-code.xml
33b643c69313b8c4ac82873b05940524267b95f7	val/order-test-bad-model.xml
758eb5c17d7ea169feef23b8a3aa5999af0e001a	val/order-test-bad-syntax.xml
4f5e66884c02e46e7e16e6a73073e4cc31f3eb4a	val/order-test-good.xml
5204e982a690694029331862c74a8e25ebd3883f	val/saxon9he.jar
6303e86519b289ed3293cf61c32eabdff0bcf4fb	val/test.bat
bc41e198987147a654bf7263c2930921962e3d36	val/test.sh
1f05ae7528a091d632c6d9fb5f5c971b3fb3e587	val/testSVRL4UBLerrors.xsl
724cfc33b396af4feb4371a0714b21c07ca97940	val/testsamples.bat
089b1122a86ab52346ba598cec43c0e8d1dc4321	val/testsamples.sh
462093db619a27d5f3546e3ddfd607fe4f0c88c5	val/validate.bat
bfa92467bd95d2f98de59aec0a36e1c84538e69a	val/validate.sh
a1e74afe6879f15060bf26671ad651b195347be3	val/w3cschema.bat
0bfe3cc9951ef4533701e2dd777fe5ef08d2b1a7	val/w3cschema.sh
c1a578f4489a890b6439c58e0f112a7c64f7e116	val/xjparse.jar
f8eeb6e2981831eb7eacb4a63ab59d6a67d7cab5	val/xslt2.bat
974bcb1cf33ec2e5987458f4fb99e16ddf90431f	val/xslt2.sh
70e9eb87d7dc96885a15fe9824b1a6dafcc95fc2	xml/MyTransportationStatus.xml
707d18f484f502dd654ef2a11296bc7f7d2bad8a	xml/UBL-BusinessCard-2.2-Example.xml
00a5b5f3be7647438e197f8599f8ab31ed15c7e5	xml/UBL-CommonTransportationReport-2.3-Example.xml
32d9aa3c509c4369d45737cddd89cf9e52f040a1	xml/UBL-CreditNote-2.0-Example.xml
a22f5440cf278ecc3cb6935d81b70729b54f65b0	xml/UBL-CreditNote-2.1-Example.xml
82294eeea865cf1a5abd6d1c3ffd181f256a4731	xml/UBL-DebitNote-2.5-Example.xml
8096d2ee36388c218ecbeda562d3d1e1b46182e5	xml/UBL-DespatchAdvice-2.0-Example.xml
75f5dc9bd71d28b199d7ae3861782b42b4374810	xml/UBL-DigitalAgreement-2.2-Example-Multilateral.xml
6d5996292a19ca4f005fd084b3f81cc79e0eb00d	xml/UBL-DigitalAgreement-2.2-Example.xml
17491241bddef935df0e70f938ff14efae2175c2	xml/UBL-DigitalCapability-2.2-Example.xml
b6a27fbaae01270de98681a25814c76379ae0963	xml/UBL-ExceptionCriteria-2.1-Example.xml
e1aa4c15a85d6270446c67dec828e2abd1450989	xml/UBL-ExceptionNotification-2.1-Example.xml
961c05b19bca108fe74f423af3774b10a479ced9	xml/UBL-ExportCustomsDeclaration-2.3-Example.xml
fc2e852224da48335e438bfa8e5925921207214c	xml/UBL-ExpressionOfInterestRequest-2.2-Example.xml
fc63bd8365335420b4d44277ffc1826ea8cb3c51	xml/UBL-Forecast-2.1-Example.xml
4c041ff780b9a80e87e969ad2ae04b4c4e4a1d81	xml/UBL-ForecastRevision-2.1-Example.xml
81f9ccf9afbfd96628245397e7c769c9dd30be44	xml/UBL-ForwardingInstructions-2.0-Example-International.xml
ae9b1f03ab216058c49f01efa55941d8a8dee44e	xml/UBL-FulfilmentCancellation-2.1-Example.xml
cc1fafb40fddf27b8604f19e748e07e7b6c7f2bd	xml/UBL-GoodsCertificate-2.3-Example.xml
2dd3fe8e07a288e5b4d0f4200954fd6f02bc7179	xml/UBL-GoodsItemItinerary-2.1-Example.xml
7d6962e55cca335aa2a7154f5a3a577aac644531	xml/UBL-GoodsItemPassport-2.3-Example-Issued.xml
c19d3cc60955385bf78fd723da09cd5b50c68567	xml/UBL-ImportCustomsDeclaration-2.3-Example.xml
815c8983f6a4f3eacce57c869aafd05193aa03cb	xml/UBL-InstructionForReturns-2.1-Example.xml
7c9faa2ddaebeaa68bb87006b4d8680bd290e612	xml/UBL-InventoryReport-2.1-Example.xml
da3a9886278107d600e93b0ffd40a8a881f7b04b	xml/UBL-Invoice-2.0-Detached-Signature.xml
d714533bb65eff4ab28f1aa593e2366e3133be43	xml/UBL-Invoice-2.0-Detached.xml
8d14ca2679d2b8bbc3c42125f2f583ebc1198969	xml/UBL-Invoice-2.0-Enveloped.xml
171856e040f101f9d03281b231bd95b25e75a655	xml/UBL-Invoice-2.0-Example-NS1.xml
200e1f2915d85167e46de78efbef892414cdf63e	xml/UBL-Invoice-2.0-Example-NS2.xml
48eaf1485a7fc20310119a5a3659ba07b46649a6	xml/UBL-Invoice-2.0-Example-NS3.xml
d5da7d2e9c3dbca383ce91f862ff0159c3eebc7c	xml/UBL-Invoice-2.0-Example-NS4.xml
742ba1ae294139cbc449a251fb6615d281fbc2a2	xml/UBL-Invoice-2.0-Example.xml
b3bff3117df36c8dc72ea7c58a393f5316b0c231	xml/UBL-Invoice-2.1-Example-Trivial.xml
1263994fbb9ca30dcd2caa7dbbd835fe6431386f	xml/UBL-Invoice-2.1-Example.xml
8dd68bea61544d7b5a34d886ef0a6356d261f4e3	xml/UBL-Manifest-2.3-Example-Reference-Only.xml
3bc3670ebf06eb4156e3746f3d7e503e6aafbd79	xml/UBL-Manifest-2.3-Example-Shipment.xml
9671afa8dd963e372df6c1a5c6c93032589af8a8	xml/UBL-Order-2.0-Example-International.xml
befb0d69355c6069ff2b3dee22a621d3ecf8df6b	xml/UBL-Order-2.0-Example.xml
36b8b7702ecc9fb1dcd782371bf8474171ada3d3	xml/UBL-Order-2.1-Example.xml
bf8e93eb5dd527f4c0e603cbeaebfe42f9b7a9c4	xml/UBL-OrderCancellation-2.1-Example.xml
6afc474c4cb3346d3d83870300f3b6d8cdc2a094	xml/UBL-OrderChange-2.1-Example.xml
b1c66f4581e81ea3423cfe6498e3d09178b3d2a3	xml/UBL-OrderResponse-2.1-Example.xml
dfcbf6d0c558ac2ed8bf239bab0cfa6d12ce14ee	xml/UBL-OrderResponseSimple-2.0-Example.xml
5ca6d04f692f7b5ec3c0bfe776556d3c11cfbfda	xml/UBL-OrderResponseSimple-2.1-Example.xml
18016a4aeb1f9f7bb4f048f1831921fcb3584c8b	xml/UBL-PriorInformationNotice-2.2-Example-Embedded.xml
fe94d585c699a0ff4558de42b349a3b5569ab5f5	xml/UBL-PriorInformationNotice-2.2-Example-External.xml
d9e65817c8e24a89e6f4f79755d617131b3ecf82	xml/UBL-ProductActivity-2.1-Example-1.xml
7cb114de8bdd26c81c646736e808a161a41fbb28	xml/UBL-ProductActivity-2.1-Example-2.xml
be3c2face3820a94c1417bb94932b7b978102626	xml/UBL-ProductActivity-2.1-Example-3.xml
06a0c7c5f87cfb0f7d6e46bbe63625682da90557	xml/UBL-ProofOfReexportation-2.3-Example.xml
edf1c704d1937c3112b3a6c5728f490857b8940e	xml/UBL-ProofOfReexportationReminder-2.3-Example.xml
77487c95e77f0f5e1c0fc5638f07a716675d0c01	xml/UBL-ProofOfReexportationRequest-2.3-Example.xml
f411fb01a8bfbadadc315bbaf630188bb4a8aa59	xml/UBL-PurchaseReceipt-2.4-Example.xml
d74d715265382e57c273b99482cc752cfa900208	xml/UBL-Quotation-2.0-Example.xml
b10c612a8b9623ff2647c62ad8be3da987d3f154	xml/UBL-Quotation-2.1-Example.xml
a484cbc143e1508a8282cd24cd506cf4d16cf938	xml/UBL-ReceiptAdvice-2.0-Example.xml
846bcf71bbe2f0268e7e2dbcbc7c0d4e4e466ddd	xml/UBL-Reminder-2.1-Example.xml
5c72f146c270770f2bad0e675f5c891c165bc97c	xml/UBL-RemittanceAdvice-2.0-Example.xml
82f49dc64975807feccd39c24aad27f9cf397fbd	xml/UBL-RequestForQuotation-2.0-Example.xml
dfe4beb49518399f895db16a4cf93ebc94d85cce	xml/UBL-RequestForQuotation-2.1-Example.xml
181acb89e164e1393411df3a6b6b04609cd3dfd3	xml/UBL-RetailEvent-2.1-Example.xml
4fa0136058e944ac51e6a310a2cbb3d04048f34f	xml/UBL-SelfBilledCreditNote-2.1-Example.xml
8c510ad542cbffe4e00e89a8dfff2859b0b39a86	xml/UBL-Statement-2.0-Example.xml
b72a21083787b7d95fe7a9734c9f934bd5d57e65	xml/UBL-StockAvailabilityReport-2.1-Example.xml
9367d51c523b3ebaf67b313ea4441b30edcd1f44	xml/UBL-TradeItemLocationProfile-2.1-Example.xml
082fb6420beb2b01421d801d7849753784c80ee2	xml/UBL-TransitCustomsDeclaration-2.3-Example.xml
6314b046d9026c7bc9e67952c601383716a70782	xml/UBL-TransportExecutionPlan-2.1-Example.xml
a7d3a54cb2665d9dcc46744175193272ea6ba2c2	xml/UBL-TransportExecutionPlanRequest-2.1-Example.xml
d7f252a9f2732072a5e342a5e55d990d26d2597e	xml/UBL-TransportProgressStatus-2.1-Example.xml
0d3fd7dfb6ccdcee7f5d76584cfab29ae6f8b289	xml/UBL-TransportProgressStatusRequest-2.1-Example.xml
55b0d8aa4b52b2ce657b48a9db16673d4375e48f	xml/UBL-TransportServiceDescription-2.1-Example.xml
4ad8bed3273d3e2501b095be67dfb009cc541ad6	xml/UBL-TransportServiceDescriptionRequest-2.1-Example.xml
1280e4939a5c04cd57c93aa270d184ac9d8bf809	xml/UBL-TransportationStatus-2.1-Example.xml
792578b66bc5940545ffa80e6c74f4e23cedf8fb	xml/UBL-TransportationStatusRequest-2.1-Example.xml
f261ee0dddf20e1c7eb4e5acb0cfb72a735ccae0	xml/UBL-Waybill-2.0-Example-International.xml
36ac84b4a5f31e3f30460ba1f429178efeb7522e	xml/UBL-WeightStatement-2.2-Example.xml
5be7ba1d7ad7fe2c561ddc5918899a665d28c6b8	xsd/common/BDNDR-CCTS_CCT_SchemaModule-1.1.xsd
4a3a80b44e48af7fc5ab61ac72ab001fbc9668b1	xsd/common/BDNDR-UnqualifiedDataTypes-1.1.xsd
9e70eec723f0e62c86c3a533f563f45455f4bd45	xsd/common/UBL-CommonAggregateComponents-2.5.xsd
aa045d2051fcb4b35329529d22a74eb0f8ccf0e8	xsd/common/UBL-CommonBasicComponents-2.5.xsd
b057b2b7b1aebe2533644c265da7b57514b92562	xsd/common/UBL-CommonExtensionComponents-2.5.xsd
e1943a4c893a9e7e593584c2d658ee1e05f333bb	xsd/common/UBL-CommonSignatureComponents-2.5.xsd
cae22dc333e2c5ad71711d8b7227fa7e3477932a	xsd/common/UBL-ExtensionContentDataType-2.5.xsd
d30e964989c5785285234efbb5ac0ed0dcdbbd47	xsd/common/UBL-QualifiedDataTypes-2.5.xsd
26be2f0ea8f526c7358ae14769831c96dcf8418c	xsd/common/UBL-SignatureAggregateComponents-2.5.xsd
d64f731cce1d300addeefaa895e430f037335519	xsd/common/UBL-SignatureBasicComponents-2.5.xsd
dd713452704a7be95d86c6c8a215e8ab42e1c67f	xsd/common/UBL-XAdES01903v132-201601-2.5.xsd
254f8e06c92d042ce5a4a4b73d6471f874ea0122	xsd/common/UBL-XAdES01903v141-201601-2.5.xsd
fdb57cab7b1ce37099138198b9d08deb6ffe6c23	xsd/common/UBL-xmldsig-core-schema-2.5.xsd
b692a584323d4f0f1808d33a16c82d2c1adcbdd0	xsd/common/UBL-xmldsig1-schema-2.5.xsd
fd2e0a367a03c4ebecf95cb4b7865d073cfe1d07	xsd/common/UBL-xmldsig11-schema-2.5.xsd
cbd818817373d6fc680c0030082c673ade169da5	xsd/maindoc/UBL-ApplicationResponse-2.5.xsd
ef35ba36fdb66f1405556940669df00cb9d9da1f	xsd/maindoc/UBL-AttachedDocument-2.5.xsd
1c077eda7f6948b028d5d0723f540ca1fdf2192c	xsd/maindoc/UBL-AwardedNotification-2.5.xsd
112438ad77d103199652f334bde7a5c2425b2bbf	xsd/maindoc/UBL-BillOfLading-2.5.xsd
0015511d873195e6051f3dcd4bf3942a93b6eba6	xsd/maindoc/UBL-BusinessCard-2.5.xsd
62e7c337fb0c787465818025fed909e3ec9e630e	xsd/maindoc/UBL-BusinessInformation-2.5.xsd
d209ebdc949ecfcdaa83a0efb8d7f924389a4ee6	xsd/maindoc/UBL-CallForTenders-2.5.xsd
74e9c0901f959cce7260137586ec053081030b6c	xsd/maindoc/UBL-Catalogue-2.5.xsd
14a0135506170fa06ca4bdc60c20e20bfe5c399c	xsd/maindoc/UBL-CatalogueDeletion-2.5.xsd
679332dfc0c0932ca06644fa2150ec9d31f2c1b3	xsd/maindoc/UBL-CatalogueItemSpecificationUpdate-2.5.xsd
6a4374f959179d8371338409e6de6daefeb774ab	xsd/maindoc/UBL-CataloguePricingUpdate-2.5.xsd
840af27f6f040a923163ca3964899f31cf962e56	xsd/maindoc/UBL-CatalogueRequest-2.5.xsd
e06ac98475599dc7c99b0757a4f0cb9b4bf9aff1	xsd/maindoc/UBL-CertificateOfOrigin-2.5.xsd
53b22e6c48f6cb0d550a54aba1c162e0f38cdf62	xsd/maindoc/UBL-CommonTransportationReport-2.5.xsd
8a965a1e6f040af3277ac88ff3abd06d3ae7cb6f	xsd/maindoc/UBL-ContractAwardNotice-2.5.xsd
5f2e308d973d312ce7b98d8a974ec73fabb297e3	xsd/maindoc/UBL-ContractNotice-2.5.xsd
a7206e84a46e4bae589fe501ce4b998700164907	xsd/maindoc/UBL-CreditNote-2.5.xsd
07172cb1152cc3dcbe167389fc6a954e5bae23d3	xsd/maindoc/UBL-DebitNote-2.5.xsd
8a86b2499a87a19bfc01cb6b9f241a85057bc03d	xsd/maindoc/UBL-DeliveryNote-2.5.xsd
f264d6d7aab57f00e5fdc4c7ca542da8796e3453	xsd/maindoc/UBL-DespatchAdvice-2.5.xsd
70374895ce654805ee99fa134ecd7bd0a48e6461	xsd/maindoc/UBL-DigitalAgreement-2.5.xsd
75919727932b1e201486ab2b5890d4ad3c396421	xsd/maindoc/UBL-DigitalCapability-2.5.xsd
690d547458ce9efafdaa6e361e375fbe349496e9	xsd/maindoc/UBL-DocumentStatus-2.5.xsd
671368f8fa126b8652561571f8ee6ef1f368f7fe	xsd/maindoc/UBL-DocumentStatusRequest-2.5.xsd
20bfbd96b5c5e067c442f6dc7545752e2ca70632	xsd/maindoc/UBL-Enquiry-2.5.xsd
f430a362622a68c1179fbb50ef5ce072325e2ec6	xsd/maindoc/UBL-EnquiryResponse-2.5.xsd
9e63cd89dadafad67cc067f7216190405c8eaf75	xsd/maindoc/UBL-ExceptionCriteria-2.5.xsd
355577b992e66d49c79bffedf4913e7714b1f721	xsd/maindoc/UBL-ExceptionNotification-2.5.xsd
32786a1de68f7ae5b3df32d7765e9ef3379c5260	xsd/maindoc/UBL-ExportCustomsDeclaration-2.5.xsd
33691b5b27fa4ceda2efd22219e12a00e6a282c2	xsd/maindoc/UBL-ExpressionOfInterestRequest-2.5.xsd
35b94d0786e6a2f51d408e2ecf63c28ccdcfa334	xsd/maindoc/UBL-ExpressionOfInterestResponse-2.5.xsd
20923bd3cf7732534ed2d26f3af22de48cec4996	xsd/maindoc/UBL-Forecast-2.5.xsd
a6f59435cdccc665f4ba2d51997e8e9b00c7e593	xsd/maindoc/UBL-ForecastRevision-2.5.xsd
5ee60c99cce893540180bcda08f8f04aaba10609	xsd/maindoc/UBL-ForwardingInstructions-2.5.xsd
d984a5f1bbadfca17228be7615467f35f1007106	xsd/maindoc/UBL-FreightInvoice-2.5.xsd
dea17c3c0be99e25bbd28212aecc7aaf3431d3de	xsd/maindoc/UBL-FulfilmentCancellation-2.5.xsd
744dbe8722ebfe628d5828d0deebfe18fc93f4d2	xsd/maindoc/UBL-GoodsCertificate-2.5.xsd
87ec046e7ad2135092327c1a3a989e53225bd73f	xsd/maindoc/UBL-GoodsItemItinerary-2.5.xsd
77953fa2a7940edd189278c3da8821cfde6dcc31	xsd/maindoc/UBL-GoodsItemPassport-2.5.xsd
e10c5cb202031023f4b991ddf78f7c7669d9b91f	xsd/maindoc/UBL-GuaranteeCertificate-2.5.xsd
fc9f713a246bbfeaa03b0a838bd2a890915ea7f5	xsd/maindoc/UBL-ImportCustomsDeclaration-2.5.xsd
9338fc3bb8f6687ef90640bb4767942d20381133	xsd/maindoc/UBL-InstructionForReturns-2.5.xsd
6753ee412e248e4f64543eaa72d8665157d53b0b	xsd/maindoc/UBL-InventoryReport-2.5.xsd
a5ffe6cbdbffc0b76008d9716f2e413e07124544	xsd/maindoc/UBL-Invoice-2.5.xsd
318a0724cf7fe61df5672790952c67a1446d3e1f	xsd/maindoc/UBL-InvoiceStatusRequest-2.5.xsd
7111e7fb101809f62d0eb3f95bc5adbbffcf6837	xsd/maindoc/UBL-InvoiceStatusResponse-2.5.xsd
5529c8f4caf375a0522e25a4afe5dc6c24bff9ad	xsd/maindoc/UBL-ItemInformationRequest-2.5.xsd
6773b0a12d6b59c49b8e233a5b875bd0ad2b73f8	xsd/maindoc/UBL-Manifest-2.5.xsd
7037efa66b76bbe334594387a80fbb5ef397b21c	xsd/maindoc/UBL-Order-2.5.xsd
d065a9a7e7f6a951c144e07aea3dfd2cd9ec3d87	xsd/maindoc/UBL-OrderCancellation-2.5.xsd
693f731748884a59d83b81f9917c8542de57c591	xsd/maindoc/UBL-OrderChange-2.5.xsd
ae94c3c21457da2fa7117cb55eb2c993592faee8	xsd/maindoc/UBL-OrderResponse-2.5.xsd
5c99a31350be05d9510950b1a6f272314166a528	xsd/maindoc/UBL-OrderResponseSimple-2.5.xsd
0e45a6b3c13e5ddb1aae5e7133cb16626154c13d	xsd/maindoc/UBL-PackingList-2.5.xsd
2d0989b758b8e68b42319fd55d356b8953f66c87	xsd/maindoc/UBL-PriorInformationNotice-2.5.xsd
c808f715ab8b78fcc70e6f47fa162756a418026a	xsd/maindoc/UBL-ProcurementStatus-2.5.xsd
e39e1b7e114d8da0d9ade1fc4536dad04cc3f3f5	xsd/maindoc/UBL-ProcurementStatusRequest-2.5.xsd
018990585babd325de86e2f990e5e943bf8c01cc	xsd/maindoc/UBL-ProductActivity-2.5.xsd
5025d44f92587080fe234b7e9b5c3e956f53ead1	xsd/maindoc/UBL-ProofOfReexportation-2.5.xsd
e27f1476a7daeffd9caa92b6c4df4c53a47e38da	xsd/maindoc/UBL-ProofOfReexportationReminder-2.5.xsd
db41267db8d5c505fce36f527baa8eed9eae5d13	xsd/maindoc/UBL-ProofOfReexportationRequest-2.5.xsd
b53199f70288084eebf8a9ab4b455bfa4d5574e7	xsd/maindoc/UBL-PurchaseReceipt-2.5.xsd
74d088c8887210c9095059400f451893917000c7	xsd/maindoc/UBL-QualificationApplicationRequest-2.5.xsd
8914e9cd5002b91e715922542e85f64a8a38f00e	xsd/maindoc/UBL-QualificationApplicationResponse-2.5.xsd
d67db630916325cf3f323ba20542cd29d9b48f8a	xsd/maindoc/UBL-Quotation-2.5.xsd
d633f58686a89dab3e13e43325d96e125fa13ce8	xsd/maindoc/UBL-ReceiptAdvice-2.5.xsd
fdc7839804c800cb08105dda4a97e3ef278d9fdd	xsd/maindoc/UBL-Reminder-2.5.xsd
2fd46c7694fc423f948a96333176cbc516ffa4aa	xsd/maindoc/UBL-RemittanceAdvice-2.5.xsd
f59e3d184197925cfa7b8abbdaaae39f7191094f	xsd/maindoc/UBL-RequestForQuotation-2.5.xsd
63b119b7f8cbf3014c44faf9a6062bdd582ac657	xsd/maindoc/UBL-RetailEvent-2.5.xsd
dff66ed1603e4559424f8ce89f754976d93a0045	xsd/maindoc/UBL-SelfBilledCreditNote-2.5.xsd
b8335fbcb4c7a8b0be4ac9a2aac1d314e5983578	xsd/maindoc/UBL-SelfBilledInvoice-2.5.xsd
6e3e64267dc2344f9d82d505d653e1bd9a3ec8af	xsd/maindoc/UBL-Statement-2.5.xsd
cf2cb03cfe3143575a40ecd44540672e5c6f0fc3	xsd/maindoc/UBL-StockAvailabilityReport-2.5.xsd
3769ab276fe935f32d2ae4f1389df7f794774fbf	xsd/maindoc/UBL-Tender-2.5.xsd
247baec2a829ceffb0a76aa15b6e56e50818ea01	xsd/maindoc/UBL-TenderContract-2.5.xsd
a72eecd15ad76c5b75c857aa6df44d3cd522e3bd	xsd/maindoc/UBL-TenderReceipt-2.5.xsd
8fb47862a1ad1347175901b4ba7ec473f1caf916	xsd/maindoc/UBL-TenderStatus-2.5.xsd
eb906f1628025892584a23ab6845edc26c431712	xsd/maindoc/UBL-TenderStatusRequest-2.5.xsd
82ab5fd3ddad40f096e3426bddf3929d5cf955b6	xsd/maindoc/UBL-TenderWithdrawal-2.5.xsd
7157d1965b3e781fe7f84e8e493419db17857d03	xsd/maindoc/UBL-TendererQualification-2.5.xsd
e1a4109085d571a537d49becfa9f1acda14b8e2e	xsd/maindoc/UBL-TendererQualificationResponse-2.5.xsd
72aa6da8d97154f4dd1dfb24551475749446b94a	xsd/maindoc/UBL-TradeItemLocationProfile-2.5.xsd
888409f1a15813d4043f56aeef8600090220a7d8	xsd/maindoc/UBL-TransitCustomsDeclaration-2.5.xsd
6aa8e94b33eaf12ddc612802bb514dcaaf541bf6	xsd/maindoc/UBL-TransportExecutionPlan-2.5.xsd
3a246c377603aca61d904fb015d2b1546311ede6	xsd/maindoc/UBL-TransportExecutionPlanRequest-2.5.xsd
7ce3b8c719bd7d369f766b7ebf1681080f29bc4e	xsd/maindoc/UBL-TransportProgressStatus-2.5.xsd
d6ee97a6641a7a129d55b241c887e12fb4680d5d	xsd/maindoc/UBL-TransportProgressStatusRequest-2.5.xsd
d7d00db10fbe4511df2d21d87808f93b619bc7b1	xsd/maindoc/UBL-TransportServiceDescription-2.5.xsd
e9f218a5c8d0d4a05c9521d40e1256986d4427ef	xsd/maindoc/UBL-TransportServiceDescriptionRequest-2.5.xsd
32b7b74392a43b5f8d6b6f23cebe3de64ec4928a	xsd/maindoc/UBL-TransportationStatus-2.5.xsd
847467f5d67c601fce1e7881d14483880797271e	xsd/maindoc/UBL-TransportationStatusRequest-2.5.xsd
b2f1f255108a848eedaea6bec14e2f74a9803957	xsd/maindoc/UBL-UnawardedNotification-2.5.xsd
57cc11f6cac2c1e2a562bdb9051a27090b7a6fe7	xsd/maindoc/UBL-UnsubscribeFromProcedureRequest-2.5.xsd
40fa32e7ec3834785475372cd472b2bb42e71682	xsd/maindoc/UBL-UnsubscribeFromProcedureResponse-2.5.xsd
c4014e8c72558334b4e0da1ad5540815eafcc5e6	xsd/maindoc/UBL-UtilityStatement-2.5.xsd
88bc4021ab36b045c7e193e7090320dffb07e3c5	xsd/maindoc/UBL-WasteMovement-2.5.xsd
ccd49cf8cb563abc083d04f41676122ef3de5cd3	xsd/maindoc/UBL-WasteNotification-2.5.xsd
a8413b2331a5d493d2022c394805e1fbca998f74	xsd/maindoc/UBL-Waybill-2.5.xsd
28ed719f411b80e2f02bb85546417d0bfeff066c	xsd/maindoc/UBL-WeightStatement-2.5.xsd
93f2f55f7f4a406b052862d6d6654438bd644b80	xsd/maindoc/UBL-WorkReport-2.5.xsd
5be7ba1d7ad7fe2c561ddc5918899a665d28c6b8	xsdrt/common/BDNDR-CCTS_CCT_SchemaModule-1.1.xsd
4a3a80b44e48af7fc5ab61ac72ab001fbc9668b1	xsdrt/common/BDNDR-UnqualifiedDataTypes-1.1.xsd
64c40ce964c894323798004fd4b7f2fb8f379aa4	xsdrt/common/UBL-CommonAggregateComponents-2.5.xsd
d140d77036071814e26b77e1c3a8b832867a7a4b	xsdrt/common/UBL-CommonBasicComponents-2.5.xsd
b057b2b7b1aebe2533644c265da7b57514b92562	xsdrt/common/UBL-CommonExtensionComponents-2.5.xsd
674d6894b73a3f0c9502ada776ec65cd10bfe920	xsdrt/common/UBL-CommonSignatureComponents-2.5.xsd
cae22dc333e2c5ad71711d8b7227fa7e3477932a	xsdrt/common/UBL-ExtensionContentDataType-2.5.xsd
5e0bfd83ec8b9d248110e62e0ff9d9bc5fc62ab2	xsdrt/common/UBL-QualifiedDataTypes-2.5.xsd
9278d3d99e215343dc21cf215b73883dd7e7f29b	xsdrt/common/UBL-SignatureAggregateComponents-2.5.xsd
c7ffa423827d43f5d23734b94740d91d561cdb9a	xsdrt/common/UBL-SignatureBasicComponents-2.5.xsd
dd713452704a7be95d86c6c8a215e8ab42e1c67f	xsdrt/common/UBL-XAdES01903v132-201601-2.5.xsd
254f8e06c92d042ce5a4a4b73d6471f874ea0122	xsdrt/common/UBL-XAdES01903v141-201601-2.5.xsd
fdb57cab7b1ce37099138198b9d08deb6ffe6c23	xsdrt/common/UBL-xmldsig-core-schema-2.5.xsd
b692a584323d4f0f1808d33a16c82d2c1adcbdd0	xsdrt/common/UBL-xmldsig1-schema-2.5.xsd
fd2e0a367a03c4ebecf95cb4b7865d073cfe1d07	xsdrt/common/UBL-xmldsig11-schema-2.5.xsd
e9506d3e54fb85d6015239623d96a7ca25eaee91	xsdrt/maindoc/UBL-ApplicationResponse-2.5.xsd
2c8cf08b9bd6d8f0d20b872afa6dfde18f55e799	xsdrt/maindoc/UBL-AttachedDocument-2.5.xsd
196cd75bc63c6f72f7a2610e9d2db8a4639eccc4	xsdrt/maindoc/UBL-AwardedNotification-2.5.xsd
8abc8d75dc1aac0ec81ea30dbfc0f41967acf209	xsdrt/maindoc/UBL-BillOfLading-2.5.xsd
d97bc2d79d97f07ada364e4b688784fe0f10e331	xsdrt/maindoc/UBL-BusinessCard-2.5.xsd
fe89f80572cb87dc3f571bfa65b0c76d834f3ca8	xsdrt/maindoc/UBL-BusinessInformation-2.5.xsd
6a209cab53d7f140f7870bea03303e5f2f7fd775	xsdrt/maindoc/UBL-CallForTenders-2.5.xsd
c9c8ac82051e92e621b26528fa0a4313afb8f62b	xsdrt/maindoc/UBL-Catalogue-2.5.xsd
a1a0f79e63f4167587ad139502451df3e1bccf1f	xsdrt/maindoc/UBL-CatalogueDeletion-2.5.xsd
368bfa5f3e405a65189d9701f48654964ee32c89	xsdrt/maindoc/UBL-CatalogueItemSpecificationUpdate-2.5.xsd
3c2e16033eaa7d13b0fdb2a68bf0dc53f2a63be2	xsdrt/maindoc/UBL-CataloguePricingUpdate-2.5.xsd
599c2941723a495f174431ef210989fc9756d6a4	xsdrt/maindoc/UBL-CatalogueRequest-2.5.xsd
3d5eae6800d0d3a84216b3467a55e5b3e94db5a1	xsdrt/maindoc/UBL-CertificateOfOrigin-2.5.xsd
ba061f10ddbc8716091a8e708b1ae5fe584b4792	xsdrt/maindoc/UBL-CommonTransportationReport-2.5.xsd
48097a12eb0af5c3346cbad51f44f750326de7dc	xsdrt/maindoc/UBL-ContractAwardNotice-2.5.xsd
905966a5b4ece8c86d036d2db228d4e41454526e	xsdrt/maindoc/UBL-ContractNotice-2.5.xsd
222723a0b3f33e2c7b7fc1e75b3d1891d5a19dee	xsdrt/maindoc/UBL-CreditNote-2.5.xsd
5d568787e629eac152666b28f7ee46fa85bc7afa	xsdrt/maindoc/UBL-DebitNote-2.5.xsd
360f3e36266270a6a1e3d44e87b28fb37d474141	xsdrt/maindoc/UBL-DeliveryNote-2.5.xsd
18bcc5d7093c8cb6a3c1e4326081996210996bf6	xsdrt/maindoc/UBL-DespatchAdvice-2.5.xsd
079b1d7f6b7f7da685a622e68709856699d273ab	xsdrt/maindoc/UBL-DigitalAgreement-2.5.xsd
815921aea6fc5742044edcce4bd2608ea95cb774	xsdrt/maindoc/UBL-DigitalCapability-2.5.xsd
7d484777eb6ab0dae83362460901b77c960eedeb	xsdrt/maindoc/UBL-DocumentStatus-2.5.xsd
f77177c6e2186a7172e5bc1b3ba402ee92cfae20	xsdrt/maindoc/UBL-DocumentStatusRequest-2.5.xsd
8b3dbd48ae2df0a28fffead76cc53c42f7444ac8	xsdrt/maindoc/UBL-Enquiry-2.5.xsd
f2340ce6ecd9e1d30960785ca413e96206adacad	xsdrt/maindoc/UBL-EnquiryResponse-2.5.xsd
b1eafecffe20a5ef34978a8a3b53dc72dd92c400	xsdrt/maindoc/UBL-ExceptionCriteria-2.5.xsd
aedbc4d70d1b72531ed9e673f06e4bb1faada4e4	xsdrt/maindoc/UBL-ExceptionNotification-2.5.xsd
0012529422514cee477843d3ff8c96c0aca06d50	xsdrt/maindoc/UBL-ExportCustomsDeclaration-2.5.xsd
08a17d4f0c15b4009e390c6958edc6638d8872d9	xsdrt/maindoc/UBL-ExpressionOfInterestRequest-2.5.xsd
c1ad4766d981fdfbd646c76290067b951f3a5fab	xsdrt/maindoc/UBL-ExpressionOfInterestResponse-2.5.xsd
feeaf4ea47dcc596577b257a6998e1573c5cd6ef	xsdrt/maindoc/UBL-Forecast-2.5.xsd
4e6c93266ea8c72dbc79924448e00dcc38fbaf38	xsdrt/maindoc/UBL-ForecastRevision-2.5.xsd
f108072b0e9fead95470c73e7293722136b502eb	xsdrt/maindoc/UBL-ForwardingInstructions-2.5.xsd
c8f1163dc899c587a33d90345d72d82def95816f	xsdrt/maindoc/UBL-FreightInvoice-2.5.xsd
56f092ca86ca8909e38fd9c6b8af640ca979345f	xsdrt/maindoc/UBL-FulfilmentCancellation-2.5.xsd
452cea0a78a760044ff115c3f3e5e4926de88e12	xsdrt/maindoc/UBL-GoodsCertificate-2.5.xsd
1f4d9e8bdb46c53d16be58456f2ebf13e3b3e0ad	xsdrt/maindoc/UBL-GoodsItemItinerary-2.5.xsd
2f9191b11bb055a1eed92efb9072a5437585167e	xsdrt/maindoc/UBL-GoodsItemPassport-2.5.xsd
86bbae0cf0a21bbd75f1a4078adeebbeec316222	xsdrt/maindoc/UBL-GuaranteeCertificate-2.5.xsd
653af0ce8f9c7b1029a84b31fcc57daf5e69c213	xsdrt/maindoc/UBL-ImportCustomsDeclaration-2.5.xsd
b033e77e880405cfc1705d352432005d38782b4d	xsdrt/maindoc/UBL-InstructionForReturns-2.5.xsd
545e3c92840e36fba2bc91f383c46114a165792b	xsdrt/maindoc/UBL-InventoryReport-2.5.xsd
63533724fc93e87e0d50ae7dc8ee9da5efd5eba7	xsdrt/maindoc/UBL-Invoice-2.5.xsd
93f1b3c033a7a7ddd0d5426e1e86af4294c55587	xsdrt/maindoc/UBL-InvoiceStatusRequest-2.5.xsd
451a084befae8487bfef5a146119a92030c706d9	xsdrt/maindoc/UBL-InvoiceStatusResponse-2.5.xsd
228e0f0268bf5e9967d19d46d05d0ef65d171d28	xsdrt/maindoc/UBL-ItemInformationRequest-2.5.xsd
81461ee640a935c4d21c64829847858117e4e716	xsdrt/maindoc/UBL-Manifest-2.5.xsd
9bab62a82324de44274391124570429e49bb4575	xsdrt/maindoc/UBL-Order-2.5.xsd
443b0bd4dabb9127c710b29ae9072b23631518e6	xsdrt/maindoc/UBL-OrderCancellation-2.5.xsd
c75a0c97484078dc0415608e649156037271407f	xsdrt/maindoc/UBL-OrderChange-2.5.xsd
e3a6d059d17d8068a1a559336ebd1542fd1ec9a5	xsdrt/maindoc/UBL-OrderResponse-2.5.xsd
7a4487b64dfbcd1ac858f9d861e4bf4c90706ca3	xsdrt/maindoc/UBL-OrderResponseSimple-2.5.xsd
f146b3eec2a1147e0e19eb4283efeba7aea9b16b	xsdrt/maindoc/UBL-PackingList-2.5.xsd
17e508b6c7a24b4815e93d969797ae3ea725b544	xsdrt/maindoc/UBL-PriorInformationNotice-2.5.xsd
ca2e5f42eb9e789872a9cc7e85fb64181fd3bea5	xsdrt/maindoc/UBL-ProcurementStatus-2.5.xsd
8e49e0b611c7723dfd00e48fe4d1043e5902ce9a	xsdrt/maindoc/UBL-ProcurementStatusRequest-2.5.xsd
46e667064e0d99170853e4000ea93d6db2fedfec	xsdrt/maindoc/UBL-ProductActivity-2.5.xsd
efcc7f8bd1dddbf1efd8447cc5e54ab4c8bf124c	xsdrt/maindoc/UBL-ProofOfReexportation-2.5.xsd
ca1c9cdd0d9aa4a4cea96abcabca06b8e0988701	xsdrt/maindoc/UBL-ProofOfReexportationReminder-2.5.xsd
94ece74ecac62f8bd357b9da501ea0dc8a2861b8	xsdrt/maindoc/UBL-ProofOfReexportationRequest-2.5.xsd
f1084413eccebbf6b30701ca4c1d7a7ade5183a5	xsdrt/maindoc/UBL-PurchaseReceipt-2.5.xsd
0ee50ffd116eb9926d56d6f87b58f84a05d439c5	xsdrt/maindoc/UBL-QualificationApplicationRequest-2.5.xsd
12a4d3003f488942f7e6a474b981d17025a6ec03	xsdrt/maindoc/UBL-QualificationApplicationResponse-2.5.xsd
c55b3afb6e712729fd2dd9a058cf32fe615e8f53	xsdrt/maindoc/UBL-Quotation-2.5.xsd
6b9cabd699a1ae64547f5b42f6bc5826eaed810a	xsdrt/maindoc/UBL-ReceiptAdvice-2.5.xsd
27e54c5a48b29c0d325191cfbfe2624b04a58221	xsdrt/maindoc/UBL-Reminder-2.5.xsd
a7412df48c7cb377fe182decf698ca2691650bd7	xsdrt/maindoc/UBL-RemittanceAdvice-2.5.xsd
a5c988930ab20be1e1335c0e1e028ae93d12d533	xsdrt/maindoc/UBL-RequestForQuotation-2.5.xsd
221f0bebc4c24e28a3eafefa5a787803cae8bc19	xsdrt/maindoc/UBL-RetailEvent-2.5.xsd
f0990a494219efc3523933354eda6cdaa11a9076	xsdrt/maindoc/UBL-SelfBilledCreditNote-2.5.xsd
596c93f348149d6e4a095e964619731c89a1f466	xsdrt/maindoc/UBL-SelfBilledInvoice-2.5.xsd
23f95892df32a5587045bd76aaef751877ffd1a6	xsdrt/maindoc/UBL-Statement-2.5.xsd
db6f6a678a86ad0210fd30b392816447529f63b0	xsdrt/maindoc/UBL-StockAvailabilityReport-2.5.xsd
d162c868f54f2abddb54303788f58058ec691f80	xsdrt/maindoc/UBL-Tender-2.5.xsd
d338662ec4c8954abd8a88d62e7bd59149c0a023	xsdrt/maindoc/UBL-TenderContract-2.5.xsd
f46c22b262ab7108007a30678dbd3661e406d74b	xsdrt/maindoc/UBL-TenderReceipt-2.5.xsd
011dcc8cf53282aa5abda68a1463624d61d9258d	xsdrt/maindoc/UBL-TenderStatus-2.5.xsd
0923b4c40897c573a289273fdbed4162ed33484d	xsdrt/maindoc/UBL-TenderStatusRequest-2.5.xsd
27c584c04f49b1be14000c00740f9e36c38fd110	xsdrt/maindoc/UBL-TenderWithdrawal-2.5.xsd
2d912bf8f5bd20cbd340cb66279776a7fe469c68	xsdrt/maindoc/UBL-TendererQualification-2.5.xsd
6337a93e27fc0b730b38f2fbfda5d42a831f46f0	xsdrt/maindoc/UBL-TendererQualificationResponse-2.5.xsd
2ff4bd77b01842a72e1d569678c6013d7b62920f	xsdrt/maindoc/UBL-TradeItemLocationProfile-2.5.xsd
8c3a85498ecf37e8a6bd6b30af67f702d31bd62f	xsdrt/maindoc/UBL-TransitCustomsDeclaration-2.5.xsd
e1536bab92bd0e6bac247ffb4c16b48fb2de1df4	xsdrt/maindoc/UBL-TransportExecutionPlan-2.5.xsd
cc65bfad171d8ad7610fb9e1b4e6d11955ebf2a5	xsdrt/maindoc/UBL-TransportExecutionPlanRequest-2.5.xsd
334902642d65e8bda281c9d685fc37e48fc2ed84	xsdrt/maindoc/UBL-TransportProgressStatus-2.5.xsd
60095b2d5d0e927d41f93df099505bfea1bb6653	xsdrt/maindoc/UBL-TransportProgressStatusRequest-2.5.xsd
4a37424a887a6bf7d4d776f2650037bae5a5c3b4	xsdrt/maindoc/UBL-TransportServiceDescription-2.5.xsd
33d6837e84d8e42299cf33ced9f625d55972f0f9	xsdrt/maindoc/UBL-TransportServiceDescriptionRequest-2.5.xsd
249bc4554fe13b1d7dad7db046f82f6a53ad3529	xsdrt/maindoc/UBL-TransportationStatus-2.5.xsd
7c550a25dee46e67a6ace0391616a599968c603d	xsdrt/maindoc/UBL-TransportationStatusRequest-2.5.xsd
b9eadedc8b060f7af629b1238edc850b1830bc71	xsdrt/maindoc/UBL-UnawardedNotification-2.5.xsd
a46856558bc13f45a8f4eedbea288057a155253e	xsdrt/maindoc/UBL-UnsubscribeFromProcedureRequest-2.5.xsd
152e7f9f914749e88dd9247f8efe40e1ae037225	xsdrt/maindoc/UBL-UnsubscribeFromProcedureResponse-2.5.xsd
b617db1526794a6559016e25d6b357222f17274d	xsdrt/maindoc/UBL-UtilityStatement-2.5.xsd
7e9022ced4d02b85185b6e146b131d2c6c0cdc09	xsdrt/maindoc/UBL-WasteMovement-2.5.xsd
1050ccc314efb5aaa2a213195eac69008b5e1519	xsdrt/maindoc/UBL-WasteNotification-2.5.xsd
d52845da042c8e94548bf9a4180aa7612250ab14	xsdrt/maindoc/UBL-Waybill-2.5.xsd
2328cc318f072185a677ddf143cca7db93b1b417	xsdrt/maindoc/UBL-WeightStatement-2.5.xsd
61e635c8bc03c4cc8f32842eea5866f2cd7a226e	xsdrt/maindoc/UBL-WorkReport-2.5.xsd
