#,Date,SHA,Author,Message,Event,ubl-2.5,ubl-2.4-csd01wd02,ubl-2.5-python,ubl-2.3-csd05-copy,ubl-2.3-cs02,ubl-2.3-os,ubl-2.3-os-iso,review,main,tsc-ubl-2.5-experimental,ubl-2.4-os,ubl-2.4-os-iso-pub,retest,ubl-2.5-kenneth,server-test,kentest,ubl-2.5-retry,ubl-2.5-dev,UBL-433-xsd-doc,ubl-2.5-2025-layout,ubl-2.4-csd01wd01,ubl-2.4-csd01,ubl-2.4-csd02-prd01-13,ubl-2.4-csd02-tsc,ubl-2.4-csd02,ubl-2.4-cs01-work,ubl-2.4-cs01
1,2018-04-11,71129c9,robincover,"add boilerplate for 3x startup files RME, CONTRIBUTING, and LICENSE",ROOT: main, , , , , , , , ,71129c9, , , , , , , , , , , , , , , , , , 
2,2018-04-11,9d8cdf1,gkholman,- update the further description,, , , , , , , , ,9d8cdf1, , , , , , , , , , , , , , , , , , 
3,2021-05-13,5b3cc2b,gkholman,Checking credentials with updated README,, , , , , , , , ,5b3cc2b, , , , , , , , , , , , , , , , , , 
4,2021-05-15,cb67846,gkholman,Initial load of files - copy of 2.3 CSD05,, , , , , , , , ,cb67846, , , , , , , , , , , , , , , , , , 
5,2021-05-16,7b7ecf6,gkholman,Polish the readme file,, , , , , , , , ,7b7ecf6, , , , , , , , , , , , , , , , , , 
6,2021-05-16,6d153bf,gkholman,More polish for the README file,BRANCH: ubl-2.3-csd05-copy, , , ,⊢→ubl-2.3-csd05-copy, , , , ,6d153bf ⊢→ubl-2.3-csd05-copy, , , , , , , , , , , , , , , , , , 
7,2021-05-16,00ffdbd,gkholman,Rebuild results on review branch,, , , , , , , , ,00ffdbd, , , , , , , , , , , , , , , , , , 
8,2021-05-16,57dda2e,gkholman,Rebuild results on edit branch,BRANCH: ubl-2.3-cs02 | ◆ TIP: ubl-2.3-csd05-copy, , , ,57dda2e ⊢→ubl-2.3-cs02,⊢→ubl-2.3-cs02, , , , , , , , , , , , , , , , , , , , , , 
9,2021-05-23,47eb1f5,gkholman,First attempt at CS02,BRANCH: ubl-2.3-os | ◆ TIP: ubl-2.3-cs02, , , , ,47eb1f5 ⊢→ubl-2.3-os,⊢→ubl-2.3-os, , , , , , , , , , , , , , , , , , , , , 
10,2021-05-23,79201eb,gkholman,Merge branch 'ubl-2.3-cs02' into review,→merged→ ubl-2.3-cs02, , , , , , , , ,79201eb, , , , , , , , , , , , , , , , , , 
11,2021-05-23,02b08d9,gkholman,Update README.md with finer details,, , , , , , , , ,02b08d9, , , , , , , , , , , , , , , , , , 
12,2021-05-26,f71d2be,gkholman,Add polish to the README file,BRANCH: ubl-2.4-csd01wd01, , , , , , , , ,f71d2be ⊢→ubl-2.4-csd01wd01, , , , , , , , , , , ,⊢→ubl-2.4-csd01wd01, , , , , , 
13,2021-05-27,83f311a,gkholman,Improve documentation; rename summary inputs without version numbers,, , , , , , , , , , , , , , , , , , , , ,83f311a, , , , , , 
14,2021-05-27,8f4c0ab,gkholman,First cut at 2.4 version of 2.3,, , , , , , , , , , , , , , , , , , , , ,8f4c0ab, , , , , , 
15,2021-05-27,f4a1d9c,gkholman,Accommodate archive directory for failed build,, , , , , , , , , , , , , , , , , , , , ,f4a1d9c, , , , , , 
16,2021-05-27,62626bc,gkholman,Update massage directives for 2.4,, , , , , , , , , , , , , , , , , , , , ,62626bc, , , , , , 
17,2021-05-27,2b8af1b,gkholman,Remove ancient SCCS information,, , , , , , , , , , , , , , , , , , , , ,2b8af1b, , , , , , 
18,2021-05-27,b869f40,gkholman,Replace 2.2 gc files with 2.3,, , , , , , , , , , , , , , , , , , , , ,b869f40, , , , , , 
19,2021-05-27,41edb7d,gkholman,Accommodate arbitrary sets of old code lists,, , , , , , , , , , , , , , , , , , , , ,41edb7d, , , , , , 
20,2021-05-27,b2e9e9b,gkholman,Accommodate Schematron for UBL 2.4,, , , , , , , , , , , , , , , , , , , , ,b2e9e9b, , , , , , 
21,2021-05-28,6c0b54a,gkholman,Accommodate failed process by preserving intermediate files,, , , , , , , , , , , , , , , , , , , , ,6c0b54a, , , , , , 
22,2021-05-28,8c4271f,gkholman,Preserve more intermediate files on error,, , , , , , , , , , , , , , , , , , , , ,8c4271f, , , , , , 
23,2021-05-28,a23102b,gkholman,Prevent ant fail on build fail,, , , , , , , , , , , , , , , , , , , , ,a23102b, , , , , , 
24,2021-05-28,5e11cd6,gkholman,No need for integrity check on error,, , , , , , , , , , , , , , , , , , , , ,5e11cd6, , , , , , 
25,2021-05-28,82da328,gkholman,Change validation invocations for version 2.4,, , , , , , , , , , , , , , , , , , , , ,82da328, , , , , , 
26,2021-05-28,31d44da,gkholman,Repair internal common schema version references,, , , , , , , , , , , , , , , , , , , , ,31d44da, , , , , , 
27,2021-05-28,eadd9b5,gkholman,Repair references to sample source files,, , , , , , , , , , , , , , , , , , , , ,eadd9b5, , , , , , 
28,2021-05-28,b99793a,gkholman,Prevent failure on bad copy,, , , , , , , , , , , , , , , , , , , , ,b99793a, , , , , , 
29,2021-05-28,6552c40,gkholman,Hub document change references from 2.3 to 2.4,, , , , , , , , , , , , , , , , , , , , ,6552c40, , , , , , 
30,2021-05-28,48ed82d,gkholman,Parameterize the schema documentation generation with the UBL version,, , , , , , , , , , , , , , , , , , , , ,48ed82d, , , , , , 
31,2021-05-28,2c85b87,gkholman,Update version in specification titles,, , , , , , , , , , , , , , , , , , , , ,2c85b87, , , , , , 
32,2021-05-28,560f5a9,gkholman,Repair previous and current location entities,, , , , , , , , , , , , , , , , , , , , ,560f5a9, , , , , , 
33,2021-05-29,db0d697,gkholman,"Implement check for pre-existing Google spreadsheets, and test",, , , , , , , , , , , , , , , , , , , , ,db0d697, , , , , , 
34,2021-05-29,471d7a5,gkholman,Remove test spreadsheets for the recovery feature; polish README file,, , , , , , , , , , , , , , , , , , , , ,471d7a5, , , , , , 
35,2021-05-29,9fb9312,gkholman,Remove test spreadsheets for the recovery feature; polish README file,, , , , , , , , , , , , , , , , , , , , ,9fb9312, , , , , , 
36,2021-05-29,67edc19,gkholman,More README tweaks,, , , , , , , , , , , , , , , , , , , , ,67edc19, , , , , , 
37,2021-05-30,7870114,gkholman,Embellish console log with title information,, , , , , , , , , , , , , , , , , , , , ,7870114, , , , , , 
38,2021-05-30,1483dd5,gkholman,Rerun spreadsheets without repository changes,, , , , , , , , , , , , , , , , , , , , ,1483dd5, , , , , , 
39,2021-06-01,21efa9e,gkholman,Revised README diagram,BRANCH: ubl-2.4-csd01wd02 | ◆ TIP: ubl-2.4-csd01wd01, ,⊢→ubl-2.4-csd01wd02, , , , , , , , , , , , , , , , , , ,21efa9e ⊢→ubl-2.4-csd01wd02, , , , , , 
40,2021-06-07,be2b4f9,gkholman,New gc2obdndr and JSON generation,, , , , , ,be2b4f9, , , , , , , , , , , , , , , , , , , , , 
41,2021-06-07,66056ef,gkholman,First try 2.3 OS release,, , , , , ,66056ef, , , , , , , , , , , , , , , , , , , , , 
42,2021-06-07,89d22de,gkholman,Merge branch 'ubl-2.3-os' into review,, , , , , ,89d22de, , , , , , , , , , , , , , , , , , , , , 
43,2021-06-18,bc99520,gkholman,Repair text in Status section,BRANCH: ubl-2.3-os-iso | BRANCH: review | ◆ TIP: ubl-2.3-os | ◆ TIP: ubl-2.3-os-iso, , , , , ,bc99520 ⊢→ubl-2.3-os-iso ⊢→review,⊢→ubl-2.3-os-iso,⊢→review, , , , , , , , , , , , , , , , , , , 
44,2021-09-09,dc2d2fc,gkholman,Revise metadata for csd01wd02,, ,dc2d2fc, , , , , , , , , , , , , , , , , , , , , , , , , 
45,2021-09-10,f5b9a7e,gkholman,Add Schematron pattern generation for Additional Document Constraints,, ,f5b9a7e, , , , , , , , , , , , , , , , , , , , , , , , , 
46,2021-09-10,a271247,gkholman,"Use XSLT 1 expressions, not XSLT 2, because of validation step",, ,a271247, , , , , , , , , , , , , , , , , , , , , , , , , 
47,2021-09-27,d9cb224,cecileguasch,Added  BRIN process diagram.drawio,, , , , , , , , , , , , , , , , , , , , , ,d9cb224, , , , , 
48,2021-09-27,8cdd81b,cecileguasch,Update  BRIN process diagram.drawio,, , , , , , , , , , , , , , , , , , , , , ,8cdd81b, , , , , 
49,2021-10-20,2298f6d,kduvekot,Merge pull request #4 from oasis-tcs/UBL-330,, ,2298f6d, , , , , , , , , , , , , , , , , , , , , , , , , 
50,2021-11-10,8610606,gkholman,UBL-335 Update XSD schema fragment for BDNDR unqualified data types,, ,8610606, , , , , , , , , , , , , , , , , , , , , , , , , 
#,Date,SHA,Author,Message,Event,ubl-2.5,ubl-2.4-csd01wd02,ubl-2.5-python,ubl-2.3-csd05-copy,ubl-2.3-cs02,ubl-2.3-os,ubl-2.3-os-iso,review,main,tsc-ubl-2.5-experimental,ubl-2.4-os,ubl-2.4-os-iso-pub,retest,ubl-2.5-kenneth,server-test,kentest,ubl-2.5-retry,ubl-2.5-dev,UBL-433-xsd-doc,ubl-2.5-2025-layout,ubl-2.4-csd01wd01,ubl-2.4-csd01,ubl-2.4-csd02-prd01-13,ubl-2.4-csd02-tsc,ubl-2.4-csd02,ubl-2.4-cs01-work,ubl-2.4-cs01
51,2021-11-12,04b283c,cecileguasch,Business Information Registration Notification,, , , , , , , , , , , , , , , , , , , , , ,04b283c, , , , , 
52,2021-11-12,a450294,cecileguasch,Draft Business Information Registration Notification BP Diagram,, , , , , , , , , , , , , , , , , , , , , ,a450294, , , , , 
53,2022-02-02,3cf4130,cecileguasch,Business Registration Information Request Notice Diagram.drawio,, , , , , , , , , , , , , , , , , , , , , ,3cf4130, , , , , 
54,2022-02-02,e905496,cecileguasch,Business Registration Information Request Notice.drawio,, , , , , , , , , , , , , , , , , , , , , ,e905496, , , , , 
55,2022-02-15,ef24f30,cecileguasch,Update summary-processes-ent.xml,, , , , , , , , , , , , , , , , , , , , , ,ef24f30, , , , , 
56,2022-02-15,d17be94,cecileguasch,Update UBL.xml,, , , , , , , , , , , , , , , , , , , , , ,d17be94, , , , , 
57,2022-02-15,5b85a78,cecileguasch,Add files via upload,, , , , , , , , , , , , , , , , , , , , , ,5b85a78, , , , , 
58,2022-02-15,1df165d,cecileguasch,Add files via upload,, , , , , , , , , , , , , , , , , , , , , ,1df165d, , , , , 
59,2022-07-20,6174dd3,cecileguasch,Update summary-processes-ent.xml,, , , , , , , , , , , , , , , , , , , , , ,6174dd3, , , , , 
60,2022-07-20,bb529e7,cecileguasch,Update UBL.xml,, , , , , , , , , , , , , , , , , , , , , ,bb529e7, , , , , 
61,2022-07-20,f97a371,cecileguasch,Add files via upload,, , , , , , , , , , , , , , , , , , , , , ,f97a371, , , , , 
62,2022-07-22,2f54fb4,cecileguasch,Update UBL.xml,, , , , , , , , , , , , , , , , , , , , , ,2f54fb4, , , , , 
63,2022-11-09,654d43a,kduvekot,Merge pull request #5 from oasis-tcs/UBL-335,, ,654d43a, , , , , , , , , , , , , , , , , , , , , , , , , 
64,2022-11-26,9fb6dfb,gkholman,Repair 2.4 csd01wd02 with a clean build,, ,9fb6dfb, , , , , , , , , , , , , , , , , , , , , , , , , 
65,2022-11-28,ecc3033,gkholman,UBL-339 Skip submission for remote publishing when publishing credentials are absent,, ,ecc3033, , , , , , , , , , , , , , , , , , , , , , , , , 
66,2022-11-28,65e3a9e,gkholman,UBL-338 Repair generation of document constratin Schematron syntax,, ,65e3a9e, , , , , , , , , , , , , , , , , , , , , , , , , 
67,2022-11-28,ad9592c,gkholman,UBL-337 Install schxslt 1.9.4,, ,ad9592c, , , , , , , , , , , , , , , , , , , , , , , , , 
68,2022-11-29,ad176db,gkholman,SD-337 Install SchXSLT and adjust invocations for XSLT 2,, ,ad176db, , , , , , , , , , , , , , , , , , , , , , , , , 
69,2022-11-29,9015b67,kduvekot,Merge pull request #6 from oasis-tcs/UBL-339-skip-publishing,, ,9015b67, , , , , , , , , , , , , , , , , , , , , , , , , 
70,2022-11-29,1993c26,kduvekot,Merge pull request #7 from oasis-tcs/UBL-338-invalid-schematron,, ,1993c26, , , , , , , , , , , , , , , , , , , , , , , , , 
71,2022-11-29,890762a,kduvekot,Merge pull request #8 from oasis-tcs/UBL-337-schxslt,, ,890762a, , , , , , , , , , , , , , , , , , , , , , , , , 
72,2022-12-03,fe205cf,kduvekot,using actions/checkout@v3,, ,fe205cf, , , , , , , , , , , , , , , , , , , , , , , , , 
73,2022-12-03,7c2c8d6,kduvekot,using actions/upload-artifact@v3,, ,7c2c8d6, , , , , , , , , , , , , , , , , , , , , , , , , 
74,2022-12-03,b984628,kduvekot,actions/setup-java@v2,, ,b984628, , , , , , , , , , , , , , , , , , , , , , , , , 
75,2022-12-03,4995443,kduvekot,actions/setup-java@v3,, ,4995443, , , , , , , , , , , , , , , , , , , , , , , , , 
76,2022-12-07,560a40b,kduvekot,Merge pull request #9 from oasis-tcs/kd-action-updates,, ,560a40b, , , , , , , , , , , , , , , , , , , , , , , , , 
77,2022-12-18,b853d25,gkholman,New examples from Kenneth 2022-12-15,, ,b853d25, , , , , , , , , , , , , , , , , , , , , , , , , 
78,2022-12-18,c5a0010,gkholman,Remove xsi: from sample document,, ,c5a0010, , , , , , , , , , , , , , , , , , , , , , , , , 
79,2022-12-21,e1627dd,gkholman,Migrate Kenneth's edits of UBL 2.3 into the UBL 2.4 working draft,, ,e1627dd, , , , , , , , , , , , , , , , , , , , , , , , , 
80,2022-12-21,5e6126e,gkholman,New Google spreadsheets and minor link repairs,, ,5e6126e, , , , , , , , , , , , , , , , , , , , , , , , , 
81,2022-12-21,ce7663e,gkholman,Add creation of ODT via pandoc for comparison,, ,ce7663e, , , , , , , , , , , , , , , , , , , , , , , , , 
82,2022-12-21,e31ce4d,gkholman,Revert to untouched 2.4 spreadsheets from 2.3,, ,e31ce4d, , , , , , , , , , , , , , , , , , , , , , , , , 
83,2022-12-21,942bee8,gkholman,Improve reporting of spell-check errors,, ,942bee8, , , , , , , , , , , , , , , , , , , , , , , , , 
84,2022-12-21,182de5c,gkholman,Typo in source file,, ,182de5c, , , , , , , , , , , , , , , , , , , , , , , , , 
85,2022-12-21,15530e7,gkholman,Point to correct files for pandoc,, ,15530e7, , , , , , , , , , , , , , , , , , , , , , , , , 
86,2022-12-21,fa1b885,gkholman,Repair a 'cannot' phrase,, ,fa1b885, , , , , , , , , , , , , , , , , , , , , , , , , 
87,2022-12-21,9557213,gkholman,Report creation of ODT comparison file using pandoc,, ,9557213, , , , , , , , , , , , , , , , , , , , , , , , , 
88,2022-12-21,0e6ea1e,gkholman,More lanugage edits to align to Kenneth's edits,, ,0e6ea1e, , , , , , , , , , , , , , , , , , , , , , , , , 
89,2022-12-21,288cb73,gkholman,Yet more tweaks to the use of language,, ,288cb73, , , , , , , , , , , , , , , , , , , , , , , , , 
90,2022-12-21,3bd1319,gkholman,Cleaner creation of warning file,, ,3bd1319, , , , , , , , , , , , , , , , , , , , , , , , , 
91,2022-12-21,7e1af45,kduvekot,Merge pull request #10 from oasis-tcs/ubl-2.4-csd01wd02-new-samples,, ,7e1af45, , , , , , , , , , , , , , , , , , , , , , , , , 
92,2022-12-26,9b5894b,gkholman,Timestamp ODT file for future comparisons,, ,9b5894b, , , , , , , , , , , , , , , , , , , , , , , , , 
93,2023-01-24,d13f707,kduvekot,Merge pull request #11 from oasis-tcs/ubl-2.4-csd01wd02-rework-Ken,, ,d13f707, , , , , , , , , , , , , , , , , , , , , , , , , 
94,2023-01-27,441c175,gkholman,UBL-332 Changes of UBL content in line with OASIS 2020 style guide,, ,441c175, , , , , , , , , , , , , , , , , , , , , , , , , 
95,2023-01-29,22ad155,gkholman,UBL-332 Final updates before server processes are revised,, ,22ad155, , , , , , , , , , , , , , , , , , , , , , , , , 
96,2023-01-29,38e2baa,kduvekot,Add workflow_dispatch to manually trigger workflow,, ,38e2baa, , , , , , , , , , , , , , , , , , , , , , , , , 
97,2023-01-29,a8fe6b0,kduvekot,Merge pull request #12 from oasis-tcs/ubl-332-oasis-2020,, ,a8fe6b0, , , , , , , , , , , , , , , , , , , , , , , , , 
98,2023-01-29,93da54f,gkholman,Accommodate bad GC file so that it is returned for diagnostics,, ,93da54f, , , , , , , , , , , , , , , , , , , , , , , , , 
99,2023-01-29,7cc9a32,gkholman,Remove invalid space from identification short name in generated GC file,, ,7cc9a32, , , , , , , , , , , , , , , , , , , , , , , , , 
100,2023-01-29,75f789f,gkholman,Inadvertent drop of multi-directory copy,, ,75f789f, , , , , , , , , , , , , , , , , , , , , , , , , 
#,Date,SHA,Author,Message,Event,ubl-2.5,ubl-2.4-csd01wd02,ubl-2.5-python,ubl-2.3-csd05-copy,ubl-2.3-cs02,ubl-2.3-os,ubl-2.3-os-iso,review,main,tsc-ubl-2.5-experimental,ubl-2.4-os,ubl-2.4-os-iso-pub,retest,ubl-2.5-kenneth,server-test,kentest,ubl-2.5-retry,ubl-2.5-dev,UBL-433-xsd-doc,ubl-2.5-2025-layout,ubl-2.4-csd01wd01,ubl-2.4-csd01,ubl-2.4-csd02-prd01-13,ubl-2.4-csd02-tsc,ubl-2.4-csd02,ubl-2.4-cs01-work,ubl-2.4-cs01
101,2023-01-29,8df3b11,gkholman,Improve check of assembled documentation,, ,8df3b11, , , , , , , , , , , , , , , , , , , , , , , , , 
102,2023-01-29,98dbb62,gkholman,UBL-183 Generate and document XML catalogues,, ,98dbb62, , , , , , , , , , , , , , , , , , , , , , , , , 
103,2023-01-29,3af4b6c,kduvekot,update links to Google Sheets,, ,3af4b6c, , , , , , , , , , , , , , , , , , , , , , , , , 
104,2023-01-29,b295d5a,kduvekot,allow manual runs,, , , , , , , ,b295d5a, , , , , , , , , , , , , , , , , , , 
105,2023-01-30,229f960,gkholman,UBL-332 Engage 2020 layout on publishing server,, ,229f960, , , , , , , , , , , , , , , , , , , , , , , , , 
106,2023-01-30,c6e6337,kduvekot,Merge pull request #13 from oasis-tcs/ubl-2.4-csd01wd02-handle-bad-gc,, ,c6e6337, , , , , , , , , , , , , , , , , , , , , , , , , 
107,2023-01-30,2c7d346,kduvekot,Merge pull request #14 from oasis-tcs/UBL-183-catalog,, ,2c7d346, , , , , , , , , , , , , , , , , , , , , , , , , 
108,2023-01-30,63da49a,kduvekot,Merge pull request #15 from oasis-tcs/ubl-2.4-csd01wd02-pub,, ,63da49a, , , , , , , , , , , , , , , , , , , , , , , , , 
109,2023-01-31,6dd430b,bdxhub,Update UBL.xml,, ,6dd430b, , , , , , , , , , , , , , , , , , , , , , , , , 
110,2023-01-31,fe1631c,bdxhub,Updated members list,, ,fe1631c, , , , , , , , , , , , , , , , , , , , , , , , , 
111,2023-01-31,9db1cbe,bdxhub,Fixed mismatched row numbers,, ,9db1cbe, , , , , , , , , , , , , , , , , , , , , , , , , 
112,2023-01-31,b39ae3e,bdxhub,Updated version date,, ,b39ae3e, , , , , , , , , , , , , , , , , , , , , , , , , 
113,2023-01-31,7d01103,bdxhub,Updated new document types,, ,7d01103, , , , , , , , , , , , , , , , , , , , , , , , , 
114,2023-01-31,dd2f5b3,gkholman,Repair XML preview using web browser; patch entity file until regenerated,, ,dd2f5b3, , , , , , , , , , , , , , , , , , , , , , , , , 
115,2023-01-31,d6c76d2,kduvekot,Merge pull request #16 from oasis-tcs/UBL-359-work,, ,d6c76d2, , , , , , , , , , , , , , , , , , , , , , , , , 
116,2023-02-01,bc45c75,bdxhub,Updated revision history with UBL 2.4 changes,, ,bc45c75, , , , , , , , , , , , , , , , , , , , , , , , , 
117,2023-02-01,03b94e3,bdxhub,Added UBL 2.4 document types,, ,03b94e3, , , , , , , , , , , , , , , , , , , , , , , , , 
118,2023-02-01,235fb12,bdxhub,Purchase Receipt example,, ,235fb12, , , , , , , , , , , , , , , , , , , , , , , , , 
119,2023-02-01,c6eeced,gkholman,"UBL-360 Updated the descriptions with the definitions from the spreadsheet, but lost the document type hyperlinks",, ,c6eeced, , , , , , , , , , , , , , , , , , , , , , , , , 
120,2023-02-01,e8ff0e2,gkholman,UBL-360 Second attempt at changing descriptions,, ,e8ff0e2, , , , , , , , , , , , , , , , , , , , , , , , , 
121,2023-02-01,e3866f2,bdxhub,Updated processes for new 2.4 document types,, ,e3866f2, , , , , , , , , , , , , , , , , , , , , , , , , 
122,2023-02-01,53bee54,gkholman,UBL-360 Remove document type descriptions from schema information file and automatically fetch them from the spreadsheet data,, ,53bee54, , , , , , , , , , , , , , , , , , , , , , , , , 
123,2023-02-01,724b373,bdxhub,Added Purchase Order example + updated to 2.4 XSDs,, , , , , , , ,724b373, , , , , , , , , , , , , , , , , , , 
124,2023-02-01,876778c,bdxhub,Added Purchase Order example + updated to 2.4 XSDs,◆ TIP: review, , , , , , , ,876778c, , , , , , , , , , , , , , , , , , , 
125,2023-02-01,f12de01,bdxhub,Added Purchase Order example,, ,f12de01, , , , , , , , , , , , , , , , , , , , , , , , , 
126,2023-02-01,ba3a9ff,bdxhub,Update testsamples.bat,, ,ba3a9ff, , , , , , , , , , , , , , , , , , , , , , , , , 
127,2023-02-02,c419cf9,bdxhub,Update testsamples.bat,, ,c419cf9, , , , , , , , , , , , , , , , , , , , , , , , , 
128,2023-02-02,4c10b03,bdxhub,Update testsamples.sh,, ,4c10b03, , , , , , , , , , , , , , , , , , , , , , , , , 
129,2023-02-02,ad2e570,bdxhub,Update UBL-PurchaseReceipt-2.4-Example.xml,, ,ad2e570, , , , , , , , , , , , , , , , , , , , , , , , , 
130,2023-02-02,189fba8,gkholman,UBL-360 Remove standalone summary transformation now that descriptions are accessed during the build process,, ,189fba8, , , , , , , , , , , , , , , , , , , , , , , , , 
131,2023-02-02,61ecbcb,bdxhub,Simplified payments and means,, ,61ecbcb, , , , , , , , , , , , , , , , , , , , , , , , , 
132,2023-02-02,666bdb3,bdxhub,Update UBL-PurchaseReceipt-2.4-Example.xml,, ,666bdb3, , , , , , , , , , , , , , , , , , , , , , , , , 
133,2023-02-02,0556f4f,bdxhub,Update UBL-PurchaseReceipt-2.4-Example.xml,, ,0556f4f, , , , , , , , , , , , , , , , , , , , , , , , , 
134,2023-02-02,36ff53e,bdxhub,Update UBL.xml,, ,36ff53e, , , , , , , , , , , , , , , , , , , , , , , , , 
135,2023-02-03,ec0058d,bdxhub,Update UBL.xml,, ,ec0058d, , , , , , , , , , , , , , , , , , , , , , , , , 
136,2023-02-06,f1ae2f3,gkholman,Repair incorrect figure identifier on new figure,, , , , , , , , , , , , , , , , , , , , , ,f1ae2f3, , , , , 
137,2023-02-06,ad082fe,gkholman,Repaired PDF artwork and added HTML artwork; repaired README and added subsection title,, , , , , , , , , , , , , , , , , , , , , ,ad082fe, , , , , 
138,2023-02-06,294527e,kduvekot,Merge pull request #17 from oasis-tcs/UBL-360,BRANCH: ubl-2.4-csd01, ,294527e ⊢→ubl-2.4-csd01, , , , , , , , , , , , , , , , , , , ,⊢→ubl-2.4-csd01, , , , , 
139,2023-02-06,c755275,kduvekot,Delete BRIN.png,, , , , , , , , , , , , , , , , , , , , , ,c755275, , , , , 
140,2023-02-06,a1065a4,kduvekot,Delete BRIN process diagram.drawio,, , , , , , , , , , , , , , , , , , , , , ,a1065a4, , , , , 
141,2023-02-06,8054f30,kduvekot,Delete Untitled Diagram.drawio,, , , , , , , , , , , , , , , , , , , , , ,8054f30, , , , , 
142,2023-02-06,d26743a,kduvekot,Delete UBL-2.4-BusinessInformation.png,, , , , , , , , , , , , , , , , , , , , , ,d26743a, , , , , 
143,2023-02-06,d6accee,kduvekot,add UBL-2.4-BusinessInformation.drawio,, , , , , , , , , , , , , , , , , , , , , ,d6accee, , , , , 
144,2023-02-06,cf35902,kduvekot,Delete UBL-2.4-BRIN.png,, , , , , , , , , , , , , , , , , , , , , ,cf35902, , , , , 
145,2023-02-06,37cf6ce,kduvekot,new UBL-2.4-BusinessInformation.png,, , , , , , , , , , , , , , , , , , , , , ,37cf6ce, , , , , 
146,2023-02-06,d187a5b,kduvekot,update workflows to run the build,, , , , , , , , , , , , , , , , , , , , , ,d187a5b, , , , , 
147,2023-02-06,de53ce5,kduvekot,updated to latest version,, , , , , , , , , , , , , , , , , , , , , ,de53ce5, , , , , 
148,2023-02-07,be9528c,kduvekot,Merge pull request #19 from oasis-tcs/kd-ubl-331,, , , , , , , , , , , , , , , , , , , , , ,be9528c, , , , , 
149,2023-02-07,48933e7,bdxhub,Updated CSD01 version numbering and publication date,, , , , , , , , , , , , , , , , , , , , , ,48933e7, , , , , 
150,2023-02-07,5adbaf4,bdxhub,Updated CSD01 version numbering and date,, , , , , , , , , , , , , , , , , , , , , ,5adbaf4, , , , , 
#,Date,SHA,Author,Message,Event,ubl-2.5,ubl-2.4-csd01wd02,ubl-2.5-python,ubl-2.3-csd05-copy,ubl-2.3-cs02,ubl-2.3-os,ubl-2.3-os-iso,review,main,tsc-ubl-2.5-experimental,ubl-2.4-os,ubl-2.4-os-iso-pub,retest,ubl-2.5-kenneth,server-test,kentest,ubl-2.5-retry,ubl-2.5-dev,UBL-433-xsd-doc,ubl-2.5-2025-layout,ubl-2.4-csd01wd01,ubl-2.4-csd01,ubl-2.4-csd02-prd01-13,ubl-2.4-csd02-tsc,ubl-2.4-csd02,ubl-2.4-cs01-work,ubl-2.4-cs01
151,2023-02-07,e1cd08b,bdxhub,Updated CSD01 version numbering,, , , , , , , , , , , , , , , , , , , , , ,e1cd08b, , , , , 
152,2023-02-07,d773543,bdxhub,Updated stage to csd01,, , , , , , , , , , , , , , , , , , , , , ,d773543, , , , , 
153,2023-02-07,b1b2916,bdxhub,Update config-UBL.xml,, , , , , , , , , , , , , , , , , , , , , ,b1b2916, , , , , 
154,2023-02-07,2f2a535,bdxhub,Updated version to CSD01,, , , , , , , , , , , , , , , , , , , , , ,2f2a535, , , , , 
155,2023-02-07,89cd1ff,bdxhub,Fixed malformed comment,, , , , , , , , , , , , , , , , , , , , , ,89cd1ff, , , , , 
156,2023-02-07,33d4527,kduvekot,Merge pull request #20 from oasis-tcs/ubl-2.4-csd01wd02-kdtemp,◆ TIP: ubl-2.4-csd01wd02 | ←merged← ubl-2.4-csd01, ,33d4527, , , , , , , , , , , , , , , , , , , , , , , , , 
157,2023-02-07,35bbc9f,kduvekot,Merge pull request #21 from oasis-tcs/ubl-2.4-csd01wd02,→merged→ ubl-2.4-csd01wd02, , , , , , , , , , , , , , , , , , , , , ,35bbc9f, , , , , 
158,2023-02-17,1a91a23,kduvekot,Update date to 08 Feb 2023,, , , , , , , , , , , , , , , , , , , , , ,1a91a23, , , , , 
159,2023-02-26,979d47e,kduvekot,updated Release Date in the header comment,, , , , , , , , , , , , , , , , , , , , , ,979d47e, , , , , 
160,2023-02-26,932f9ca,kduvekot,update the datets/years/stage details,, , , , , , , , , , , , , , , , , , , , , ,932f9ca, , , , , 
161,2023-02-26,c93b27e,kduvekot,update dates/stage/year,, , , , , , , , , , , , , , , , , , , , , ,c93b27e, , , , , 
162,2023-02-26,7b4d0c0,kduvekot,update dates/stage/year,, , , , , , , , , , , , , , , , , , , , , ,7b4d0c0, , , , , 
163,2023-02-26,f554cd2,kduvekot,update dates/stage/year,, , , , , , , , , , , , , , , , , , , , , ,f554cd2, , , , , 
164,2023-02-26,cf16012,kduvekot,update dates/stage/year,, , , , , , , , , , , , , , , , , , , , , ,cf16012, , , , , 
165,2023-02-26,6bbb6ab,kduvekot,update dates/stage/year,, , , , , , , , , , , , , , , , , , , , , ,6bbb6ab, , , , , 
166,2023-02-26,45e8e9b,kduvekot,update dates/stage/year,, , , , , , , , , , , , , , , , , , , , , ,45e8e9b, , , , , 
167,2023-02-26,6b79673,kduvekot,update dates/stage/year,, , , , , , , , , , , , , , , , , , , , , ,6b79673, , , , , 
168,2023-02-26,8c2fbf9,kduvekot,update dates/stage/year,, , , , , , , , , , , , , , , , , , , , , ,8c2fbf9, , , , , 
169,2023-02-28,8482207,kduvekot,Merge pull request #23 from oasis-tcs/csd01-kd,, , , , , , , , , , , , , , , , , , , , , ,8482207, , , , , 
170,2023-02-28,2e3c601,kduvekot,08 Feb instead of 07 Feb,BRANCH: ubl-2.4-csd02-prd01-13, , , , , , , , , , , , , , , , , , , , , ,2e3c601 ⊢→ubl-2.4-csd02-prd01-13,⊢→ubl-2.4-csd02-prd01-13, , , , 
171,2023-03-03,0ae7867,gkholman,Prepare to accommodate DOCX of ISO version when available,, , , , , , , , , , , , , , , , , , , , , , , , , , ,0ae7867
172,2023-03-03,3c92c36,gkholman,Adjust publishing paramters,, , , , , , , , , , , , , , , , , , , , , , , , , , ,3c92c36
173,2023-03-03,4b46513,gkholman,"Split out ISO/IEC publishing files in order to reduce archive file to within KAVI limitations, and make them easier to send to ISO/IEC by having them all zipped together",, , , , , , , , , , , , , , , , , , , , , , , , , , ,4b46513
174,2023-04-21,ea473c0,gkholman,Server repaired so there are no errors in DOCX production; updated README to reflect three ZIP files found in the download ZIP,, , , , , , , , , , , , , , , , , , , , , , , , , , ,ea473c0
175,2023-06-19,b63e324,bdxhub,Update UBL.xml,, , , , , , , , , , , , , , , , , , , , , , ,b63e324, , , , 
176,2023-06-20,f0df7d3,bdxhub,Update genericode reference,, , , , , , , , , , , , , , , , , , , , , , ,f0df7d3, , , , 
177,2023-06-20,098a7c9,bdxhub,CSD02 version number and date,, , , , , , , , , , , , , , , , , , , , , , ,098a7c9, , , , 
178,2023-06-20,b889682,bdxhub,CSD02 version number,, , , , , , , , , , , , , , , , , , , , , , ,b889682, , , , 
179,2023-06-20,6fde2dc,bdxhub,CSD02 version and date,, , , , , , , , , , , , , , , , , , , , , , ,6fde2dc, , , , 
180,2023-06-20,7f01d4f,bdxhub,CSD02 version and date,, , , , , , , , , , , , , , , , , , , , , , ,7f01d4f, , , , 
181,2023-06-20,3b7bff6,bdxhub,CSD02 version,, , , , , , , , , , , , , , , , , , , , , , ,3b7bff6, , , , 
182,2023-06-20,b76564a,bdxhub,CSD02 version,, , , , , , , , , , , , , , , , , , , , , , ,b76564a, , , , 
183,2023-06-27,1259e4e,bdxhub,Updated diagram as discussed in PRD01-08,, , , , , , , , , , , , , , , , , , , , , , ,1259e4e, , , , 
184,2023-06-27,7f99625,bdxhub,Updated diagram as discussed in PRD01-08,, , , , , , , , , , , , , , , , , , , , , , ,7f99625, , , , 
185,2023-06-27,f933ffd,bdxhub,Updated row numbers,, , , , , , , , , , , , , , , , , , , , , , ,f933ffd, , , , 
186,2023-06-27,8f699c1,bdxhub,Updated publishing date,, , , , , , , , , , , , , , , , , , , , , , ,8f699c1, , , , 
187,2023-06-27,1ee3d66,bdxhub,Updated publishing date,, , , , , , , , , , , , , , , , , , , , , , ,1ee3d66, , , , 
188,2023-06-27,4e53eda,bdxhub,Updated publishing date,, , , , , , , , , , , , , , , , , , , , , , ,4e53eda, , , , 
189,2023-06-28,cb972cf,bdxhub,Updated Freight Status Reporting (CSD01-08),, , , , , , , , , , , , , , , , , , , , , , ,cb972cf, , , , 
190,2023-06-29,6e777e3,bdxhub,Updated row numbers,, , , , , , , , , , , , , , , , , , , , , , ,6e777e3, , , , 
191,2023-07-03,341dfb9,bdxhub,Updated previous stage,, , , , , , , , , , , , , , , , , , , , , , ,341dfb9, , , , 
192,2023-07-03,b2d8d4e,bdxhub,CSD01 entities files,, , , , , , , , , , , , , , , , , , , , , , ,b2d8d4e, , , , 
193,2023-07-04,8effedb,bdxhub,Previous stage uncommented,, , , , , , , , , , , , , , , , , , , , , , ,8effedb, , , , 
194,2023-07-04,476e1ad,bdxhub,Previous stage version set to 2.4,BRANCH: ubl-2.4-csd02-tsc | BRANCH: ubl-2.4-csd02 | ◆ TIP: ubl-2.4-csd02-prd01-13 | ◆ TIP: ubl-2.4-csd02-tsc, , , , , , , , , , , , , , , , , , , , , , ,476e1ad ⊢→ubl-2.4-csd02-tsc ⊢→ubl-2.4-csd02,⊢→ubl-2.4-csd02-tsc,⊢→ubl-2.4-csd02, , 
195,2023-07-25,2d2cc88,bdxhub,Updated publishing date,, , , , , , , , , , , , , , , , , , , , , , , , ,2d2cc88, , 
196,2023-07-25,29396c7,bdxhub,Updated publishing date,, , , , , , , , , , , , , , , , , , , , , , , , ,29396c7, , 
197,2023-07-25,587c8b0,bdxhub,Updated publishing date,, , , , , , , , , , , , , , , , , , , , , , , , ,587c8b0, , 
198,2023-07-25,d88d78c,bdxhub,Update config-UBL-Signature.xml,, , , , , , , , , , , , , , , , , , , , , , , , ,d88d78c, , 
199,2023-07-25,9b42a40,bdxhub,Update config-UBL.xml,BRANCH: ubl-2.4-cs01-work | ◆ TIP: ubl-2.4-csd02, , , , , , , , , , , , , , , , , , , , , , , , ,9b42a40 ⊢→ubl-2.4-cs01-work,⊢→ubl-2.4-cs01-work, 
200,2023-09-20,a98cff7,bdxhub,UBL 2.4 CSD02 entities,, , , , , , , , , , , , , , , , , , , , , , , , , ,a98cff7, 
#,Date,SHA,Author,Message,Event,ubl-2.5,ubl-2.4-csd01wd02,ubl-2.5-python,ubl-2.3-csd05-copy,ubl-2.3-cs02,ubl-2.3-os,ubl-2.3-os-iso,review,main,tsc-ubl-2.5-experimental,ubl-2.4-os,ubl-2.4-os-iso-pub,retest,ubl-2.5-kenneth,server-test,kentest,ubl-2.5-retry,ubl-2.5-dev,UBL-433-xsd-doc,ubl-2.5-2025-layout,ubl-2.4-csd01wd01,ubl-2.4-csd01,ubl-2.4-csd02-prd01-13,ubl-2.4-csd02-tsc,ubl-2.4-csd02,ubl-2.4-cs01-work,ubl-2.4-cs01
201,2023-09-20,5a35dc8,bdxhub,UBL 2.4 CSD02 signature entities,, , , , , , , , , , , , , , , , , , , , , , , , , ,5a35dc8, 
202,2023-09-20,0c76c6a,bdxhub,Updated CS01 version and date,, , , , , , , , , , , , , , , , , , , , , , , , , ,0c76c6a, 
203,2023-09-20,d0a8090,bdxhub,Updated CS01 version,, , , , , , , , , , , , , , , , , , , , , , , , , ,d0a8090, 
204,2023-09-20,bc1c845,bdxhub,Updated CS01 version and date,, , , , , , , , , , , , , , , , , , , , , , , , , ,bc1c845, 
205,2023-09-20,f204999,bdxhub,Updated CS01 version and date,, , , , , , , , , , , , , , , , , , , , , , , , , ,f204999, 
206,2023-09-20,2986ca8,bdxhub,Updated CS01 version,, , , , , , , , , , , , , , , , , , , , , , , , , ,2986ca8, 
207,2023-09-20,7c01887,bdxhub,Updated CS01 version,BRANCH: ubl-2.4-cs01 | ◆ TIP: ubl-2.4-cs01-work, , , , , , , , , , , , , , , , , , , , , , , , , ,7c01887 ⊢→ubl-2.4-cs01,⊢→ubl-2.4-cs01
208,2023-09-26,0b0b0b3,kduvekot,Merge pull request #24 from oasis-tcs/ubl-2.4-csd01-docx,◆ TIP: ubl-2.4-csd01 | ←merged← ubl-2.4-cs01, , , , , , , , , , , , , , , , , , , , , ,0b0b0b3, , , , , 
209,2023-09-26,c7ec642,kduvekot,Merge pull request #26 from oasis-tcs/ubl-2.4-csd01-docx,, , , , , , , , , , , , , , , , , , , , , , , , , , ,c7ec642
210,2023-09-26,16ca084,kduvekot,Merge pull request #27 from oasis-tcs/test-2.4cs01,BRANCH: tsc-ubl-2.5-experimental, , , , , , , , , ,⊢→tsc-ubl-2.5-experimental, , , , , , , , , , , , , , , , ,16ca084 ⊢→tsc-ubl-2.5-experimental
211,2023-10-12,ee2824d,bdxhub,Updated to point at TSC experimental spreadsheets,, , , , , , , , , ,ee2824d, , , , , , , , , , , , , , , , , 
212,2023-10-12,20e66d5,bdxhub,Version number,, , , , , , , , , ,20e66d5, , , , , , , , , , , , , , , , , 
213,2023-10-12,19fa25a,bdxhub,Version numbers,, , , , , , , , , ,19fa25a, , , , , , , , , , , , , , , , , 
214,2023-10-12,f593b9f,bdxhub,Version numbers,, , , , , , , , , ,f593b9f, , , , , , , , , , , , , , , , , 
215,2023-10-12,12415e9,bdxhub,Version numbers,, , , , , , , , , ,12415e9, , , , , , , , , , , , , , , , , 
216,2023-10-12,e7bdd92,bdxhub,Version numbers,, , , , , , , , , ,e7bdd92, , , , , , , , , , , , , , , , , 
217,2023-10-12,d74fa0a,bdxhub,Version numbers,, , , , , , , , , ,d74fa0a, , , , , , , , , , , , , , , , , 
218,2023-10-12,1db2d59,bdxhub,Version numbers,, , , , , , , , , ,1db2d59, , , , , , , , , , , , , , , , , 
219,2023-10-12,93859c0,bdxhub,Version numbers,, , , , , , , , , ,93859c0, , , , , , , , , , , , , , , , , 
220,2023-10-12,0b3f46f,bdxhub,Add files via upload,, , , , , , , , , ,0b3f46f, , , , , , , , , , , , , , , , , 
221,2023-10-12,5b30ca5,bdxhub,Version numbers,, , , , , , , , , ,5b30ca5, , , , , , , , , , , , , , , , , 
222,2023-10-12,a8cd456,bdxhub,Version numbers,, , , , , , , , , ,a8cd456, , , , , , , , , , , , , , , , , 
223,2023-10-12,bdb1ae5,bdxhub,Delete UBL-Entities-2.4-cs01.gc,, , , , , , , , , ,bdb1ae5, , , , , , , , , , , , , , , , , 
224,2023-10-12,0b381cc,bdxhub,Add files via upload,◆ TIP: tsc-ubl-2.5-experimental, , , , , , , , , ,0b381cc, , , , , , , , , , , , , , , , , 
225,2023-10-24,6474b00,bdxhub,Update UBL.xml,, , , , , , , , , , , , , , , , , , , , , , , , , , ,6474b00
226,2023-10-24,b448cd7,bdxhub,Update config-UBL-Signature.xml,, , , , , , , , , , , , , , , , , , , , , , , , , , ,b448cd7
227,2023-10-24,e4809af,bdxhub,Update config-UBL.xml,, , , , , , , , , , , , , , , , , , , , , , , , , , ,e4809af
228,2023-10-24,b9df309,bdxhub,Update UBL.xml,BRANCH: ubl-2.5-dev, , , , , , , , , , , , , , , , , ,⊢→ubl-2.5-dev, , , , , , , , ,b9df309 ⊢→ubl-2.5-dev
229,2024-03-06,eff3596,klakegg,Changes to prepare for 2.5 CSD01,, , , , , , , , , , , , , , , , , ,eff3596, , , , , , , , , 
230,2024-04-10,52ded39,kduvekot,Update build.yml to @v4 versions,, , , , , , , , , , , , , , , , , , , , , , , , , , ,52ded39
231,2024-04-10,be5fc75,kduvekot,Update build.yml to @v4 versions,, , , , , , , , , , , , , , , , , ,be5fc75, , , , , , , , , 
232,2024-04-21,42fd9be,kees,updates for 2.5,, , , , , , , , , , , , , , , , , ,42fd9be, , , , , , , , , 
233,2024-04-21,8104de2,kees,updated UBL-DefaultDTQ-2.5.sch,, , , , , , , , , , , , , , , , , ,8104de2, , , , , , , , , 
234,2024-04-21,8d0e683,kees,change UBLprevStage=csd01,, , , , , , , , , , , , , , , , , ,8d0e683, , , , , , , , , 
235,2024-04-21,eef6db8,kees,add csd01.gc versions,, , , , , , , , , , , , , , , , , ,eef6db8, , , , , , , , , 
236,2024-04-21,870b0e6,kees,update val to version 2.5,, , , , , , , , , , , , , , , , , ,870b0e6, , , , , , , , , 
237,2024-04-21,189603f,kees,remove prevStage from build.sh,, , , , , , , , , , , , , , , , , ,189603f, , , , , , , , , 
238,2024-04-21,6dab748,kees,prevStage point to 2.4 cs01,, , , , , , , , , , , , , , , , , ,6dab748, , , , , , , , , 
239,2024-04-21,a1079fa,kees,swap to 2.4-cs01 for compare,, , , , , , , , , , , , , , , , , ,a1079fa, , , , , , , , , 
240,2024-04-21,61c1f9d,kees,update raw/xsd/common to 2.5 filenames,, , , , , , , , , , , , , , , , , ,61c1f9d, , , , , , , , , 
241,2024-04-21,3696108,kees,update raw/xsd/common content to 2.5,, , , , , , , , , , , , , , , , , ,3696108, , , , , , , , , 
242,2024-04-23,3c5240f,kduvekot,point to 2.5 sheets for lib and doc,, , , , , , , , , , , , , , , , , ,3c5240f, , , , , , , , , 
243,2024-04-24,a81dcb7,bdxhub,Update build.sh,, , , , , , , , , , , , , , , , , ,a81dcb7, , , , , , , , , 
244,2024-05-30,964c97a,gkholman,Poll longer for publishing server results,, , , , , , , , , , , , , , , , , , , , , , , , , , ,964c97a
245,2024-05-30,9992cfe,gkholman,Poll longer for publishing server results,, , , , , , , , , , , , , , , , , ,9992cfe, , , , , , , , , 
246,2024-05-30,78f638a,gkholman,Update access to Realta API,, , , , , , , , , , , , , , , , , , , , , , , , , , ,78f638a
247,2024-05-30,b4c3c53,gkholman,Update access to Realta API,, , , , , , , , , , , , , , , , , ,b4c3c53, , , , , , , , , 
248,2024-05-30,55141c3,gkholman,Improved publication status reporting,, , , , , , , , , , , , , , , , , , , , , , , , , , ,55141c3
249,2024-05-30,43fedc8,gkholman,Improved publication status reporting,, , , , , , , , , , , , , , , , , ,43fedc8, , , , , , , , , 
250,2024-05-30,6cc2cf5,gkholman,Use version of API interface as used on server,BRANCH: ubl-2.4-os, , , , , , , , , , ,⊢→ubl-2.4-os, , , , , , , , , , , , , , , ,6cc2cf5 ⊢→ubl-2.4-os
#,Date,SHA,Author,Message,Event,ubl-2.5,ubl-2.4-csd01wd02,ubl-2.5-python,ubl-2.3-csd05-copy,ubl-2.3-cs02,ubl-2.3-os,ubl-2.3-os-iso,review,main,tsc-ubl-2.5-experimental,ubl-2.4-os,ubl-2.4-os-iso-pub,retest,ubl-2.5-kenneth,server-test,kentest,ubl-2.5-retry,ubl-2.5-dev,UBL-433-xsd-doc,ubl-2.5-2025-layout,ubl-2.4-csd01wd01,ubl-2.4-csd01,ubl-2.4-csd02-prd01-13,ubl-2.4-csd02-tsc,ubl-2.4-csd02,ubl-2.4-cs01-work,ubl-2.4-cs01
251,2024-05-30,3355bcd,gkholman,Use version of API interface as used on server,, , , , , , , , , , , , , , , , , ,3355bcd, , , , , , , , , 
252,2024-06-19,a1a389f,kduvekot,update to os,, , , , , , , , , , ,a1a389f, , , , , , , , , , , , , , , , 
253,2024-06-19,40b2634,kduvekot,os stage,, , , , , , , , , , ,40b2634, , , , , , , , , , , , , , , , 
254,2024-06-19,bcad47d,kduvekot,added 2.4 cs01 gc files,, , , , , , , , , , ,bcad47d, , , , , , , , , , , , , , , , 
255,2024-06-23,2b50d5b,gkholman,Test of server ability to recreate outputs,, , , , , , , , , , , , , , , , , , , , , , , , , , ,2b50d5b
256,2024-06-23,7fd388c,kduvekot,Update ident-UBL.xml to os,, , , , , , , , , , ,7fd388c, , , , , , , , , , , , , , , , 
257,2024-06-23,c621cb5,kduvekot,Update ident-UBL-Signature.xml to os,, , , , , , , , , , ,c621cb5, , , , , , , , , , , , , , , , 
258,2024-06-23,96636dc,kduvekot,Update config-UBL.xml to os + date,, , , , , , , , , , ,96636dc, , , , , , , , , , , , , , , , 
259,2024-06-23,a2f1431,kduvekot,update to OS and date,, , , , , , , , , , ,a2f1431, , , , , , , , , , , , , , , , 
260,2024-06-23,8c99636,kduvekot,update os + date,BRANCH: ubl-2.4-os-iso-pub, , , , , , , , , , ,8c99636 ⊢→ubl-2.4-os-iso-pub,⊢→ubl-2.4-os-iso-pub, , , , , , , , , , , , , , , 
261,2024-06-24,8c4d077,gkholman,Test of server ability to recreate outputs,◆ TIP: ubl-2.4-cs01, , , , , , , , , , , , , , , , , , , , , , , , , , ,8c4d077
262,2024-11-12,8801d64,gkholman,Change PNGs to SVGs for ISO use,, , , , , , , , , , , ,8801d64, , , , , , , , , , , , , , , 
263,2024-11-12,72c353c,gkholman,Repair user parameter file to specify SVG for all originators,, , , , , , , , , , , ,72c353c, , , , , , , , , , , , , , , 
264,2025-03-23,779bf4b,gkholman,Retrying 2.4 OS publishing,◆ TIP: ubl-2.4-os, , , , , , , , , , ,779bf4b, , , , , , , , , , , , , , , , 
265,2025-03-23,8ec2d95,gkholman,Retrying 2.4 OS ISO publishing,, , , , , , , , , , , ,8ec2d95, , , , , , , , , , , , , , , 
266,2025-03-24,8aeca7f,gkholman,Test server again,, , , , , , , , , , , ,8aeca7f, , , , , , , , , , , , , , , 
267,2025-03-30,6f419e5,gkholman,Trigger server-side publishing to test,, , , , , , , , , , , ,6f419e5, , , , , , , , , , , , , , , 
268,2025-03-31,c7ec79e,gkholman,Trigger server-side publishing to test,, , , , , , , , , , , ,c7ec79e, , , , , , , , , , , , , , , 
269,2025-04-01,740d11f,gkholman,Trigger server-side publishing to test,, , , , , , , , , , , ,740d11f, , , , , , , , , , , , , , , 
270,2025-04-07,153236e,gkholman,Test server with 2.5-csd01,BRANCH: retest, , , , , , , , , , , , ,⊢→retest, , , , ,153236e ⊢→retest, , , , , , , , , 
271,2025-04-08,fa0056d,gkholman,"Repair NDR check return checking, and explicitly reference the '-os' version of the previous version genericode",, , , , , , , , , , , , , , , , , ,fa0056d, , , , , , , , , 
272,2025-04-08,5d427b4,gkholman,Polish 2.5 references to 2.4,, , , , , , , , , , , , , , , , , ,5d427b4, , , , , , , , , 
273,2025-04-09,0e6caf4,gkholman,Improve reporting of document assembly errors,, , , , , , , , , , , , , , , , , ,0e6caf4, , , , , , , , , 
274,2025-04-10,72a26f9,gkholman,Revise documentation in README and add new column definitions in specification,, , , , , , , , , , , , , , , , , ,72a26f9, , , , , , , , , 
275,2025-04-10,ab10e8a,gkholman,Trigger server processes for changed spreadsheet,, , , , , , , , , , , , , , , , , ,ab10e8a, , , , , , , , , 
276,2025-04-10,b6734ce,gkholman,Protect graceful exit with NDR errors,, , , , , , , , , , , , , , , , , ,b6734ce, , , , , , , , , 
277,2025-04-10,791d51f,gkholman,Protect graceful exit with NDR errors,, , , , , , , , , , , , , , , , , ,791d51f, , , , , , , , , 
278,2025-04-10,57cef91,gkholman,Test NDR errors with temporary spreadsheet,, , , , , , , , , , , , , , , , , ,57cef91, , , , , , , , , 
279,2025-04-10,5bb0682,gkholman,Add new 2.5 words not found in spell check tooling,, , , , , , , , , , , , , , , , , ,5bb0682, , , , , , , , , 
280,2025-04-10,2c0824f,gkholman,Repair NDR check HTML reporting including any execution errors,, , , , , , , , , , , , , , , , , ,2c0824f, , , , , , , , , 
281,2025-04-10,5225fb6,gkholman,Trigger for updated spreadsheets,, , , , , , , , , , , , , , , , , ,5225fb6, , , , , , , , , 
282,2025-04-10,ffc829e,gkholman,Copy diagnostic report to distribution directory only when in error,, , , , , , , , , , , , , , , , , ,ffc829e, , , , , , , , , 
283,2025-04-10,76dcc63,gkholman,Repair the handling of the JSON schemas,BRANCH: ubl-2.5-kenneth, , , , , , , , , , , , , ,⊢→ubl-2.5-kenneth, , , ,76dcc63 ⊢→ubl-2.5-kenneth, , , , , , , , , 
284,2025-04-23,38fae1b,bdxhub,Update build.sh,, , , , , , , , , , , , , ,38fae1b, , , , , , , , , , , , , 
285,2025-04-30,154a8bc,bdxhub,Update spellcheck-UBL.txt,◆ TIP: ubl-2.5-kenneth, , , , , , , , , , , , , ,154a8bc, , , , , , , , , , , , , 
286,2025-05-06,0835115,gkholman,w.i.p. endorsed schemas and reports,, , , , , , , , , , , , , , , , , ,0835115, , , , , , , , , 
287,2025-05-07,32394ba,gkholman,w.i.p. endorsed schemas and reports,, , , , , , , , , , , , , , , , , ,32394ba, , , , , , , , , 
288,2025-05-07,edb8100,gkholman,Prevent failure by checking for hub files,, , , , , , , , , , , , , , , , , ,edb8100, , , , , , , , , 
289,2025-05-18,146f063,gkholman,Attempt to expose NDR error files,, , , , , , , , , , , , , , , , , ,146f063, , , , , , , , , 
290,2025-05-18,49de6b6,gkholman,More diagnostics,, , , , , , , , , , , , , , , , , ,49de6b6, , , , , , , , , 
291,2025-05-21,a19c4da,gkholman,Yet more attempts to run diagnostics,, , , , , , , , , , , , , , , , , ,a19c4da, , , , , , , , , 
292,2025-05-22,317aedd,gkholman,Yet more diagnostics,, , , , , , , , , , , , , , , , , ,317aedd, , , , , , , , , 
293,2025-05-22,da95766,gkholman,Add Saxon diagnostics,, , , , , , , , , , , , , , , , , ,da95766, , , , , , , , , 
294,2025-05-22,02e46de,gkholman,Try again Saxon debug,, , , , , , , , , , , , , , , , , ,02e46de, , , , , , , , , 
295,2025-05-22,da653e5,gkholman,Why isn't class path found?,, , , , , , , , , , , , , , , , , ,da653e5, , , , , , , , , 
296,2025-05-22,b954f8f,gkholman,Try quoting class path,, , , , , , , , , , , , , , , , , ,b954f8f, , , , , , , , , 
297,2025-05-22,3a4a080,gkholman,Expose Saxon JAR files,, , , , , , , , , , , , , , , , , ,3a4a080, , , , , , , , , 
298,2025-05-22,e634eda,gkholman,Change Saxon invocations,, , , , , , , , , , , , , , , , , ,e634eda, , , , , , , , , 
299,2025-05-22,d3ae13b,gkholman,Location of temporary file,, , , , , , , , , , , , , , , , , ,d3ae13b, , , , , , , , , 
300,2025-05-22,09e4eb7,gkholman,Ensure absolute directory at invocation,, , , , , , , , , , , , , , , , , ,09e4eb7, , , , , , , , , 
#,Date,SHA,Author,Message,Event,ubl-2.5,ubl-2.4-csd01wd02,ubl-2.5-python,ubl-2.3-csd05-copy,ubl-2.3-cs02,ubl-2.3-os,ubl-2.3-os-iso,review,main,tsc-ubl-2.5-experimental,ubl-2.4-os,ubl-2.4-os-iso-pub,retest,ubl-2.5-kenneth,server-test,kentest,ubl-2.5-retry,ubl-2.5-dev,UBL-433-xsd-doc,ubl-2.5-2025-layout,ubl-2.4-csd01wd01,ubl-2.4-csd01,ubl-2.4-csd02-prd01-13,ubl-2.4-csd02-tsc,ubl-2.4-csd02,ubl-2.4-cs01-work,ubl-2.4-cs01
301,2025-05-22,9bca7da,gkholman,Try tweaking count of parallel processes,, , , , , , , , , , , , , , , , , ,9bca7da, , , , , , , , , 
302,2025-05-23,e61dcae,gkholman,Try tweaking count of parallel processes,, , , , , , , , , , , , , , , , , ,e61dcae, , , , , , , , , 
303,2025-05-23,14a7538,gkholman,Retest an earlier commit,, , , , , , , , , , , , ,14a7538, , , , , , , , , , , , , , 
304,2025-05-23,15c714c,gkholman,Old spreadsheet references out of date,◆ TIP: retest, , , , , , , , , , , , ,15c714c, , , , , , , , , , , , , , 
305,2025-06-01,52251fb,gkholman,Possible working script,, , , , , , , , , , , , , , , , , ,52251fb, , , , , , , , , 
306,2025-06-01,11e779d,gkholman,Try getting farther along by skipping the individual HTML files,, , , , , , , , , , , , , , , , , ,11e779d, , , , , , , , , 
307,2025-06-01,e5daf8b,gkholman,Protect from copying missing file,, , , , , , , , , , , , , , , , , ,e5daf8b, , , , , , , , , 
308,2025-06-01,699c2f9,gkholman,Repair condition assignment,, , , , , , , , , , , , , , , , , ,699c2f9, , , , , , , , , 
309,2025-06-03,8f789ce,gkholman,Remove parallel HTML processing,, , , , , , , , , , , , , , , , , ,8f789ce, , , , , , , , , 
310,2025-06-04,b53c6a1,gkholman,Repair generation of endorsed HTML reports,, , , , , , , , , , , , , , , , , ,b53c6a1, , , , , , , , , 
311,2025-06-04,3b8fd6f,gkholman,Test NDR errors,, , , , , , , , , , , , , , , , , ,3b8fd6f, , , , , , , , , 
312,2025-06-04,b8b1454,gkholman,Accommodate saxon log files,, , , , , , , , , , , , , , , , , ,b8b1454, , , , , , , , , 
313,2025-06-04,fed912b,gkholman,Try again to accommodate saxon log files,, , , , , , , , , , , , , , , , , ,fed912b, , , , , , , , , 
314,2025-06-04,d5d2c3d,gkholman,Disengage Ken's test spreadsheets; test the word list failure along the way,, , , , , , , , , , , , , , , , , ,d5d2c3d, , , , , , , , , 
315,2025-06-04,8a0fcdc,gkholman,Spell check failure works; attempt complete run,, , , , , , , , , , , , , , , , , ,8a0fcdc, , , , , , , , , 
316,2025-06-04,1e46de0,gkholman,Endorse the supplementary components in the schemas and HTML reports,, , , , , , , , , , , , , , , , , ,1e46de0, , , , , , , , , 
317,2025-06-04,2b39dd1,gkholman,Update HTML report with new listID description (this is a manual task; modifying the schema does not update the HTML report),, , , , , , , , , , , , , , , , , ,2b39dd1, , , , , , , , , 
318,2025-06-09,577d8cb,gkholman,Restructure Crane resources as git repositories without timestamps,, , , , , , , , , , , , , , , , , ,577d8cb, , , , , , , , , 
319,2025-06-11,74a0c60,gkholman,Distinguish HTML reports,, , , , , , , , , , , , , , , , , ,74a0c60, , , , , , , , , 
320,2025-06-11,e7fa7c5,gkholman,Add endorsed cardinality columns when not doing an endorsed report,, , , , , , , , , , , , , , , , , ,e7fa7c5, , , , , , , , , 
321,2025-06-11,39fae0d,gkholman,Polish up column heading that doesn't need to be abbreviated,BRANCH: UBL-433-xsd-doc | ◆ TIP: ubl-2.5-dev, , , , , , , , , , , , , , , , , ,39fae0d ⊢→UBL-433-xsd-doc,⊢→UBL-433-xsd-doc, , , , , , , , 
322,2025-06-12,d35a880,gkholman,Retry after lost connection with server,, , , , , , , , , , , , , , , , , , ,d35a880, , , , , , , , 
323,2025-06-12,e41bda8,gkholman,Update some documentation,, , , , , , , , , , , , , , , , , , ,e41bda8, , , , , , , , 
324,2025-06-20,07cb9d9,gkholman,First attempt at editorial instructions 20250618 meeting,, , , , , , , , , , , ,07cb9d9, , , , , , , , , , , , , , , 
325,2025-06-20,c55958d,gkholman,"Second attempt, commenting out content rather than using condition= applicability",◆ TIP: ubl-2.4-os-iso-pub, , , , , , , , , , , ,c55958d, , , , , , , , , , , , , , , 
326,2025-07-06,4c0ffc3,gkholman,UBL-433 Include deprecated columns in XSDs,BRANCH: ubl-2.5 | ◆ TIP: UBL-433-xsd-doc,⊢→ubl-2.5, , , , , , , , , , , , , , , , , ,4c0ffc3 ⊢→ubl-2.5, , , , , , , , 
327,2025-07-08,4ef6077,gkholman,UBL-434 Add deprecated rows to hub document summaries of changes,,4ef6077, , , , , , , , , , , , , , , , , , , , , , , , , , 
328,2025-07-09,dc30304,gkholman,Typo in section title,,dc30304, , , , , , , , , , , , , , , , , , , , , , , , , , 
329,2025-07-09,16c9010,gkholman,XSD Maindoc documentation changed to be DABIE definition,,16c9010, , , , , , , , , , , , , , , , , , , , , , , , , , 
330,2025-07-09,b7264fe,gkholman,UBL-434 Tweak hub document summaries to hyperlink to deprecated DABIEs,,b7264fe, , , , , , , , , , , , , , , , , , , , , , , , , , 
331,2025-07-17,b51c94a,gkholman,NT Accommodate component type in old/new order comparison,,b51c94a, , , , , , , , , , , , , , , , , , , , , , , , , , 
332,2025-07-18,b39ceff,bdxhub,Update spec for 2.5 + deprecation handling,,b39ceff, , , , , , , , , , , , , , , , , , , , , , , , , , 
333,2025-07-18,60a1028,bdxhub,Fixed wrong internal link to deprecation section,,60a1028, , , , , , , , , , , , , , , , , , , , , , , , , , 
334,2025-07-18,1c51361,bdxhub,Fixed wrong link to /endorsed/xsd/,,1c51361, , , , , , , , , , , , , , , , , , , , , , , , , , 
335,2025-07-19,2973134,bdxhub,Added deprecation to table E.2 (attributes),,2973134, , , , , , , , , , , , , , , , , , , , , , , , , , 
336,2025-07-19,76c247a,bdxhub,Fixed note to table B.5,,76c247a, , , , , , , , , , , , , , , , , , , , , , , , , , 
337,2025-07-19,1d3db69,bdxhub,Fixed note to tabe E.2,,1d3db69, , , , , , , , , , , , , , , , , , , , , , , , , , 
338,2025-07-24,91d9798,bdxhub,Add files via upload,,91d9798, , , , , , , , , , , , , , , , , , , , , , , , , , 
339,2025-07-24,79069bb,bdxhub,Changes related to the use of Debit Note,,79069bb, , , , , , , , , , , , , , , , , , , , , , , , , , 
340,2025-07-24,8a1a0b5,bdxhub,Troubleshoot debit note changes,,8a1a0b5, , , , , , , , , , , , , , , , , , , , , , , , , , 
341,2025-07-24,de662dc,bdxhub,Updated Debit Note process diagram,,de662dc, , , , , , , , , , , , , , , , , , , , , , , , , , 
342,2025-07-24,7d213bb,bdxhub,Deleted outdated debit note process,,7d213bb, , , , , , , , , , , , , , , , , , , , , , , , , , 
343,2025-07-24,59c9af7,bdxhub,Deleted outdated debit note diagram,,59c9af7, , , , , , , , , , , , , , , , , , , , , , , , , , 
344,2025-07-24,f60764f,bdxhub,Deleted outdated debit note example,,f60764f, , , , , , , , , , , , , , , , , , , , , , , , , , 
345,2025-07-24,387e204,bdxhub,Updated debit note example,,387e204, , , , , , , , , , , , , , , , , , , , , , , , , , 
346,2025-07-24,87d30d2,bdxhub,Updated debit note example,,87d30d2, , , , , , , , , , , , , , , , , , , , , , , , , , 
347,2025-07-24,a055c53,bdxhub,Updated debit note,,a055c53, , , , , , , , , , , , , , , , , , , , , , , , , , 
348,2025-07-24,dfa5d95,bdxhub,Updated debit note,,dfa5d95, , , , , , , , , , , , , , , , , , , , , , , , , , 
349,2025-07-24,37f12bf,bdxhub,Updated debit note example,,37f12bf, , , , , , , , , , , , , , , , , , , , , , , , , , 
350,2025-07-24,13f669d,bdxhub,Updated debit note example,,13f669d, , , , , , , , , , , , , , , , , , , , , , , , , , 
#,Date,SHA,Author,Message,Event,ubl-2.5,ubl-2.4-csd01wd02,ubl-2.5-python,ubl-2.3-csd05-copy,ubl-2.3-cs02,ubl-2.3-os,ubl-2.3-os-iso,review,main,tsc-ubl-2.5-experimental,ubl-2.4-os,ubl-2.4-os-iso-pub,retest,ubl-2.5-kenneth,server-test,kentest,ubl-2.5-retry,ubl-2.5-dev,UBL-433-xsd-doc,ubl-2.5-2025-layout,ubl-2.4-csd01wd01,ubl-2.4-csd01,ubl-2.4-csd02-prd01-13,ubl-2.4-csd02-tsc,ubl-2.4-csd02,ubl-2.4-cs01-work,ubl-2.4-cs01
351,2025-07-24,89b4882,bdxhub,Updated debit note example,,89b4882, , , , , , , , , , , , , , , , , , , , , , , , , , 
352,2025-07-29,5dbdac9,gkholman,UBL-383 Modify XSD and HTML reports to document deprecated supplementary component attributes,,5dbdac9, , , , , , , , , , , , , , , , , , , , , , , , , , 
353,2025-08-03,7510227,bdxhub,Updated section B.3,,7510227, , , , , , , , , , , , , , , , , , , , , , , , , , 
354,2025-08-06,28e03ba,bdxhub,Added Invoice Status Request and Response documents,,28e03ba, , , , , , , , , , , , , , , , , , , , , , , , , , 
355,2025-08-06,471d648,bdxhub,Added Beneficiary Party,,471d648, , , , , , , , , , , , , , , , , , , , , , , , , , 
356,2025-08-06,4dcad22,bdxhub,"Updated section 8, UBL 2.5 summary of changes",,4dcad22, , , , , , , , , , , , , , , , , , , , , , , , , , 
357,2025-08-06,19ea8e9,bdxhub,Fixed Invoice Status Request collaboration processes,,19ea8e9, , , , , , , , , , , , , , , , , , , , , , , , , , 
358,2025-08-06,421df4a,bdxhub,Delete art/UBL-2.2-UtilityBillingProcess.png,,421df4a, , , , , , , , , , , , , , , , , , , , , , , , , , 
359,2025-08-06,e11c10b,bdxhub,Delete art/UBL-2.0-SelfBillingwithSelfBilledCreditNoteProcess.png,,e11c10b, , , , , , , , , , , , , , , , , , , , , , , , , , 
360,2025-08-06,3829eda,bdxhub,Delete art/UBL-2.0-SelfBillingwithCreditNoteProcess.png,,3829eda, , , , , , , , , , , , , , , , , , , , , , , , , , 
361,2025-08-06,27eea61,bdxhub,Updated with Invoice Status Respone,,27eea61, , , , , , , , , , , , , , , , , , , , , , , , , , 
362,2025-08-06,952fde1,bdxhub,Delete htmlart/UBL-2.0-BillingwithCreditNoteProcess.png,,952fde1, , , , , , , , , , , , , , , , , , , , , , , , , , 
363,2025-08-06,d448b3e,bdxhub,Delete htmlart/UBL-2.5-BillingwithDebitNoteProcess.png,,d448b3e, , , , , , , , , , , , , , , , , , , , , , , , , , 
364,2025-08-06,444d451,bdxhub,Delete htmlart/UBL-2.0-SelfBillingwithCreditNoteProcess.png,,444d451, , , , , , , , , , , , , , , , , , , , , , , , , , 
365,2025-08-06,ac32ea7,bdxhub,Delete htmlart/UBL-2.0-SelfBillingwithSelfBilledCreditNoteProcess.png,,ac32ea7, , , , , , , , , , , , , , , , , , , , , , , , , , 
366,2025-08-06,48ad2d8,bdxhub,Delete htmlart/UBL-2.2-UtilityBillingProcess.png,,48ad2d8, , , , , , , , , , , , , , , , , , , , , , , , , , 
367,2025-08-06,dc1249d,bdxhub,Updated with Invoice Status Response,,dc1249d, , , , , , , , , , , , , , , , , , , , , , , , , , 
368,2025-08-06,498b329,bdxhub,Delete htmlart/UBL-2.5-SelfBillingwithCreditNoteProcess.png,,498b329, , , , , , , , , , , , , , , , , , , , , , , , , , 
369,2025-08-06,259df9a,bdxhub,Delete htmlart/UBL-2.5-SelfBillingwithSelfBilledCreditNoteProcess.png,,259df9a, , , , , , , , , , , , , , , , , , , , , , , , , , 
370,2025-08-06,0b423b6,bdxhub,Reverted self billing diagrams,,0b423b6, , , , , , , , , , , , , , , , , , , , , , , , , , 
371,2025-08-06,3b80fd3,bdxhub,Delete art/UBL-2.5-SelfBillingwithCreditNoteProcess.png,,3b80fd3, , , , , , , , , , , , , , , , , , , , , , , , , , 
372,2025-08-06,8efa797,bdxhub,Delete art/UBL-2.5-SelfBillingwithSelfBilledCreditNoteProcess.png,,8efa797, , , , , , , , , , , , , , , , , , , , , , , , , , 
373,2025-08-06,0ffa61a,bdxhub,Reverted self billing diagrams,,0ffa61a, , , , , , , , , , , , , , , , , , , , , , , , , , 
374,2025-08-06,96aedb8,bdxhub,Updated billing processes with Invoice Status Response,,96aedb8, , , , , , , , , , , , , , , , , , , , , , , , , , 
375,2025-08-11,c635545,bdxhub,"New document types: DeliveryNote, InvoiceStatusRequest, InvoiceStatusResponse, WorkReport",,c635545, , , , , , , , , , , , , , , , , , , , , , , , , , 
376,2025-08-11,24eb5fc,bdxhub,Added 'Approver',,24eb5fc, , , , , , , , , , , , , , , , , , , , , , , , , , 
377,2025-08-11,b9f5b8b,bdxhub,Removed Freight Invoice example,,b9f5b8b, , , , , , , , , , , , , , , , , , , , , , , , , , 
378,2025-08-11,7805101,bdxhub,Updated version date,,7805101, , , , , , , , , , , , , , , , , , , , , , , , , , 
379,2025-08-11,0fc7869,bdxhub,Updated version date and release date,,0fc7869, , , , , , , , , , , , , , , , , , , , , , , , , , 
380,2025-08-11,278685c,bdxhub,Updated release date,,278685c, , , , , , , , , , , , , , , , , , , , , , , , , , 
381,2025-08-11,10b9d3e,bdxhub,Delete raw/xml/UBL-FreightInvoice-2.1-Example.xml (deprecated),,10b9d3e, , , , , , , , , , , , , , , , , , , , , , , , , , 
382,2025-08-11,1a90d13,bdxhub,Delete art/UBL-2.0-FreightBillingProcess.png (deprecated),,1a90d13, , , , , , , , , , , , , , , , , , , , , , , , , , 
383,2025-08-11,ca6e534,bdxhub,Delete htmlart/UBL-2.0-FreightBillingProcess.png (deprecated),,ca6e534, , , , , , , , , , , , , , , , , , , , , , , , , , 
384,2025-08-11,9ec0e3c,bdxhub,Freight invoice (see UBL448),,9ec0e3c, , , , , , , , , , , , , , , , , , , , , , , , , , 
385,2025-08-11,a1d9bd2,bdxhub,Removed Freight Invoice example (deprecated),,a1d9bd2, , , , , , , , , , , , , , , , , , , , , , , , , , 
386,2025-08-11,e6c4534,bdxhub,Removed Freight Invoice example (deprecated),,e6c4534, , , , , , , , , , , , , , , , , , , , , , , , , , 
387,2025-08-11,e9c8dc8,bdxhub,Fixed 'Mismatched row number' issues,,e9c8dc8, , , , , , , , , , , , , , , , , , , , , , , , , , 
388,2025-08-13,e52d6ba,gkholman,"Addressing the hub integrity reports, first attempt",,e52d6ba, , , , , , , , , , , , , , , , , , , , , , , , , , 
389,2025-08-13,df76cf1,gkholman,Match the URI with the text in the rows documenting endorsed schemas,,df76cf1, , , , , , , , , , , , , , , , , , , , , , , , , , 
390,2025-08-13,1623053,gkholman,Third attempt at clearing integrity errors,,1623053, , , , , , , , , , , , , , , , , , , , , , , , , , 
391,2025-08-13,ebc8d4d,gkholman,"Fifth try: check only maindoc endorsed schemas, don't point to non-endorsed endorsed schemas, and point to directory name without slash",,ebc8d4d, , , , , , , , , , , , , , , , , , , , , , , , , , 
392,2025-08-13,09e538e,gkholman,Special case relative directory references in the hub; repair document spreadsheet definition for Attached Document,,09e538e, , , , , , , , , , , , , , , , , , , , , , , , , , 
393,2025-08-16,8995532,gkholman,Try new compress options with 7zip,,8995532, , , , , , , , , , , , , , , , , , , , , , , , , , 
394,2025-08-20,0b44c38,gkholman,Merge pull request #28 from oasis-tcs/ubl-2.5-7zip-test,BRANCH: ubl-2.5-python,0b44c38 ⊢→ubl-2.5-python, ,⊢→ubl-2.5-python, , , , , , , , , , , , , , , , , , , , , , , , 
395,2025-10-07,8d7b31e,kduvekot,Create build.py,, , ,8d7b31e, , , , , , , , , , , , , , , , , , , , , , , , 
396,2025-10-07,15592ed,kduvekot,add Python environment,,15592ed, , , , , , , , , , , , , , , , , , , , , , , , , , 
397,2025-10-07,0baef61,kduvekot,Merge pull request #29 from oasis-tcs/ubl-2.5,→merged→ ubl-2.5, , ,0baef61, , , , , , , , , , , , , , , , , , , , , , , , 
398,2025-10-07,231a847,kduvekot,change if condition,, , ,231a847, , , , , , , , , , , , , , , , , , , , , , , , 
399,2025-10-07,2b88cfe,kduvekot,fix indentation error,, , ,2b88cfe, , , , , , , , , , , , , , , , , , , , , , , , 
400,2025-10-07,52ce599,kduvekot,fix more indentation issues,, , ,52ce599, , , , , , , , , , , , , , , , , , , , , , , , 
#,Date,SHA,Author,Message,Event,ubl-2.5,ubl-2.4-csd01wd02,ubl-2.5-python,ubl-2.3-csd05-copy,ubl-2.3-cs02,ubl-2.3-os,ubl-2.3-os-iso,review,main,tsc-ubl-2.5-experimental,ubl-2.4-os,ubl-2.4-os-iso-pub,retest,ubl-2.5-kenneth,server-test,kentest,ubl-2.5-retry,ubl-2.5-dev,UBL-433-xsd-doc,ubl-2.5-2025-layout,ubl-2.4-csd01wd01,ubl-2.4-csd01,ubl-2.4-csd02-prd01-13,ubl-2.4-csd02-tsc,ubl-2.4-csd02,ubl-2.4-cs01-work,ubl-2.4-cs01
401,2025-10-08,6cad8cc,kduvekot,signatureGoogle .. no extra s,, , ,6cad8cc, , , , , , , , , , , , , , , , , , , , , , , , 
402,2025-10-08,7d19acc,kduvekot,adding correct os.env settings,, , ,7d19acc, , , , , , , , , , , , , , , , , , , , , , , , 
403,2025-10-08,c12b81a,kduvekot,sync main repo build.yml,◆ TIP: main, , , , , , , , ,c12b81a, , , , , , , , , , , , , , , , , , 
404,2025-10-08,48d94e7,kduvekot,sync build.yml,,48d94e7, , , , , , , , , , , , , , , , , , , , , , , , , , 
405,2025-10-11,78f07eb,gkholman,Repair exposition of endorsed/deprecated spreadsheet content for document ABIEs,,78f07eb, , , , , , , , , , , , , , , , , , , , , , , , , , 
406,2025-10-11,42d6503,kduvekot,add ProcurementStatus and ProcurementStatusRequest,,42d6503, , , , , , , , , , , , , , , , , , , , , , , , , , 
407,2025-10-11,021e5ea,kduvekot,exclude worksheets that start with Logs,,021e5ea, , , , , , , , , , , , , , , , , , , , , , , , , , 
408,2025-10-11,89ab66d,kduvekot,rework RegEx,,89ab66d, , , , , , , , , , , , , , , , , , , , , , , , , , 
409,2025-10-11,7bda41b,kduvekot,More rework of the regex,,7bda41b, , , , , , , , , , , , , , , , , , , , , , , , , , 
410,2025-10-11,4766bd6,kduvekot,And some more regex updates,,4766bd6, , , , , , , , , , , , , , , , , , , , , , , , , , 
411,2025-10-11,99a14b6,kduvekot,chatgpt proposal 5,,99a14b6, , , , , , , , , , , , , , , , , , , , , , , , , , 
412,2025-10-11,5c5751c,kduvekot,option 6,,5c5751c, , , , , , , , , , , , , , , , , , , , , , , , , , 
413,2025-10-11,d3f229e,kduvekot,Option 7,,d3f229e, , , , , , , , , , , , , , , , , , , , , , , , , , 
414,2025-10-12,5a3b199,kduvekot,Expanded option 7,,5a3b199, , , , , , , , , , , , , , , , , , , , , , , , , , 
415,2025-10-12,cde73b5,kduvekot,fix Mismatched row numbers,,cde73b5, , , , , , , , , , , , , , , , , , , , , , , , , , 
416,2025-10-12,9aab74c,kduvekot,Update New Document Types in UBL 2.5,,9aab74c, , , , , , , , , , , , , , , , , , , , , , , , , , 
417,2025-10-12,cc12281,kduvekot,Merge pull request #30 from oasis-tcs/ubl-2.5,→merged→ ubl-2.5, , ,cc12281, , , , , , , , , , , , , , , , , , , , , , , , 
418,2025-10-12,d7563dc,kduvekot,get machine details for the workflow,, , ,d7563dc, , , , , , , , , , , , , , , , , , , , , , , , 
419,2025-10-12,a35a6c6,kduvekot,run with 4 cores on github,, , ,a35a6c6, , , , , , , , , , , , , , , , , , , , , , , , 
420,2025-10-12,dde62d8,kduvekot,failed with 4 cores .. trying 3,, , ,dde62d8, , , , , , , , , , , , , , , , , , , , , , , , 
421,2025-10-12,a37813d,kduvekot,add ant version to the output,, , ,a37813d, , , , , , , , , , , , , , , , , , , , , , , , 
422,2025-10-12,11dea4f,kduvekot,reducing cpu count to 2,, , ,11dea4f, , , , , , , , , , , , , , , , , , , , , , , , 
423,2025-10-12,0da08c6,kduvekot,Update build.xml back to 1 cpu :-(,, , ,0da08c6, , , , , , , , , , , , , , , , , , , , , , , , 
424,2025-10-12,0ed1f0a,kduvekot,Updated build.py script,, , ,0ed1f0a, , , , , , , , , , , , , , , , , , , , , , , , 
425,2025-10-12,50d38e5,kduvekot,Fix for target-py,, , ,50d38e5, , , , , , , , , , , , , , , , , , , , , , , , 
426,2025-10-12,37651cd,kduvekot,Add py to artifact from the Python build,, , ,37651cd, , , , , , , , , , , , , , , , , , , , , , , , 
427,2025-10-12,d7286e2,kduvekot,use .7 extension in the python build,, , ,d7286e2, , , , , , , , , , , , , , , , , , , , , , , , 
428,2025-10-12,243ab2a,kduvekot,add debugging to build.yml,, , ,243ab2a, , , , , , , , , , , , , , , , , , , , , , , , 
429,2025-10-13,b2d7ec5,kduvekot,cleanup 7z file names in script,, , ,b2d7ec5, , , , , , , , , , , , , , , , , , , , , , , , 
430,2025-10-13,5473b60,kduvekot,debug parts of the script,, , ,5473b60, , , , , , , , , , , , , , , , , , , , , , , , 
431,2025-10-14,8079493,kduvekot,debug build-common.sh,, , ,8079493, , , , , , , , , , , , , , , , , , , , , , , , 
432,2025-10-16,16bd5a5,noreply,update build-common.sh,,16bd5a5, , , , , , , , , , , , , , , , , , , , , , , , , , 
433,2025-10-17,eeeff42,noreply,updated Python build file,,eeeff42, , , , , , , , , , , , , , , , , , , , , , , , , , 
434,2025-10-17,7d97394,noreply,use full paths for zipping,,7d97394, , , , , , , , , , , , , , , , , , , , , , , , , , 
435,2025-10-18,19aa809,noreply,update build.yml for consistent timestamp use,,19aa809, , , , , , , , , , , , , , , , , , , , , , , , , , 
436,2025-10-18,ac4c631,kduvekot,remove -py from the target in additonal cleanup,,ac4c631, , , , , , , , , , , , , , , , , , , , , , , , , , 
437,2025-10-19,e097fa2,noreply,rework build.py,,e097fa2, , , , , , , , , , , , , , , , , , , , , , , , , , 
438,2025-10-19,9a0fc84,noreply,refactor build.py to be more python like,,9a0fc84, , , , , , , , , , , , , , , , , , , , , , , , , , 
439,2025-10-19,3f42d7b,noreply,add pip install to build.yml,,3f42d7b, , , , , , , , , , , , , , , , , , , , , , , , , , 
440,2025-10-19,d710dc4,noreply,latest version of the build.py script,,d710dc4, , , , , , , , , , , , , , , , , , , , , , , , , , 
441,2025-10-19,f640e32,noreply,use python with full paths,,f640e32, , , , , , , , , , , , , , , , , , , , , , , , , , 
442,2025-10-19,d2942fc,noreply,change compression algoritme to match shell,,d2942fc, , , , , , , , , , , , , , , , , , , , , , , , , , 
443,2025-10-20,0d4ad4a,noreply,some more compression related changes,,0d4ad4a, , , , , , , , , , , , , , , , , , , , , , , , , , 
444,2025-10-20,98c5c77,noreply,change back to external 7z,,98c5c77, , , , , , , , , , , , , , , , , , , , , , , , , , 
445,2025-10-20,20c6078,noreply,use subprocess with cwd argument,,20c6078, , , , , , , , , , , , , , , , , , , , , , , , , , 
446,2025-10-20,d9b5ae0,kduvekot,update to csd02,,d9b5ae0, , , , , , , , , , , , , , , , , , , , , , , , , , 
447,2025-10-20,75c7271,kduvekot,update to csd02,,75c7271, , , , , , , , , , , , , , , , , , , , , , , , , , 
448,2025-10-20,963c24d,kduvekot,correct for csd02 releaase,,963c24d, , , , , , , , , , , , , , , , , , , , , , , , , , 
449,2025-10-20,28129c9,noreply,move python to own seperate build xml file,,28129c9, , , , , , , , , , , , , , , , , , , , , , , , , , 
450,2025-10-20,2973b6f,kduvekot,fix missing quote,,2973b6f, , , , , , , , , , , , , , , , , , , , , , , , , , 
#,Date,SHA,Author,Message,Event,ubl-2.5,ubl-2.4-csd01wd02,ubl-2.5-python,ubl-2.3-csd05-copy,ubl-2.3-cs02,ubl-2.3-os,ubl-2.3-os-iso,review,main,tsc-ubl-2.5-experimental,ubl-2.4-os,ubl-2.4-os-iso-pub,retest,ubl-2.5-kenneth,server-test,kentest,ubl-2.5-retry,ubl-2.5-dev,UBL-433-xsd-doc,ubl-2.5-2025-layout,ubl-2.4-csd01wd01,ubl-2.4-csd01,ubl-2.4-csd02-prd01-13,ubl-2.4-csd02-tsc,ubl-2.4-csd02,ubl-2.4-cs01-work,ubl-2.4-cs01
451,2025-11-05,fb1b8d8,noreply,Add target/ directory to .gitignore,,fb1b8d8, , , , , , , , , , , , , , , , , , , , , , , , , , 
452,2025-11-05,f0d4264,noreply,Add comprehensive environment setup documentation,,f0d4264, , , , , , , , , , , , , , , , , , , , , , , , , , 
453,2025-11-06,b9c6933,kduvekot,Merge pull request #1 from claude code,,b9c6933, , , , , , , , , , , , , , , , , , , , , , , , , , 
454,2025-11-06,a0c7170,kduvekot,Update build workflow to ignore 'claude/**' branches,,a0c7170, , , , , , , , , , , , , , , , , , , , , , , , , , 
455,2025-11-06,6e283a1,kduvekot,Merge pull request #2 from kduvekot/github-workflow-changes,,6e283a1, , , , , , , , , , , , , , , , , , , , , , , , , , 
456,2025-11-06,a764b30,kduvekot,correct workflow_dispatch trigger to build.yml,,a764b30, , , , , , , , , , , , , , , , , , , , , , , , , , 
457,2025-11-17,9a5374c,noreply,Update UBL from CSD01 to CSD02 with release date 19 November 2025,,9a5374c, , , , , , , , , , , , , , , , , , , , , , , , , , 
458,2025-11-17,14d8e70,noreply,Update ident-UBL-Endorsed.xml to CSD02,,14d8e70, , , , , , , , , , , , , , , , , , , , , , , , , , 
459,2025-11-17,e8782d2,kduvekot,Merge pull request #3 from kduvekot/claude/review-git-history-01NCwMMBJVmEzNmra8BS9Bbu,,e8782d2, , , , , , , , , , , , , , , , , , , , , , , , , , 
460,2025-11-17,7628a9c,kduvekot,Merge pull request #31 from kduvekot/ubl-2.5-python,→merged→ ubl-2.5, , ,7628a9c, , , , , , , , , , , , , , , , , , , , , , , , 
461,2025-11-17,814ecd6,kduvekot,Merge branch 'ubl-2.5' into ubl-2.5-python,→merged→ ubl-2.5, , ,814ecd6, , , , , , , , , , , , , , , , , , , , , , , , 
462,2025-11-17,e596d45,noreply,Add UBL 2.5 CSD01 comparison files for CSD02 build,,e596d45, , , , , , , , , , , , , , , , , , , , , , , , , , 
463,2025-11-17,8f060e7,noreply,Complete UBL 2.5 CSD01 comparison files with full content,,8f060e7, , , , , , , , , , , , , , , , , , , , , , , , , , 
464,2025-11-17,fefb987,kduvekot,Merge pull request #4 from kduvekot/claude/investigate-shadow-ubl-01Nvm5Y3Vacd3gexB9X546pL,,fefb987, , , , , , , , , , , , , , , , , , , , , , , , , , 
465,2025-11-17,6c4d314,kduvekot,Merge pull request #33 from kduvekot/ubl-2.5-python,◆ TIP: ubl-2.5-python | →merged→ ubl-2.5, , ,6c4d314, , , , , , , , , , , , , , , , , , , , , , , , 
466,2025-11-17,05bfda6,kduvekot,Merge pull request #5 from oasis-tcs/ubl-2.5-python,←merged← ubl-2.5-python,05bfda6, , , , , , , , , , , , , , , , , , , , , , , , , , 
467,2025-11-17,a791013,kduvekot,Merge pull request #32 from oasis-tcs/ubl-2.5-python,←merged← ubl-2.5-python,a791013, , , , , , , , , , , , , , , , , , , , , , , , , , 
468,2025-11-17,c48c4ab,noreply,Fix row number references in UBL 2.5 documentation,,c48c4ab, , , , , , , , , , , , , , , , , , , , , , , , , , 
469,2025-11-17,eec48c4,kduvekot,Merge pull request #34 from kduvekot/claude/fix-spreadsheet-links,,eec48c4, , , , , , , , , , , , , , , , , , , , , , , , , , 
470,2025-11-19,b6c6d5f,bdxhub,Updated dates to 26/11/2025,,b6c6d5f, , , , , , , , , , , , , , , , , , , , , , , , , , 
471,2025-11-19,1767e4b,bdxhub,Updated dates to 26/11/2025,,1767e4b, , , , , , , , , , , , , , , , , , , , , , , , , , 
472,2025-11-19,e6bfe4a,bdxhub,Updated dates to 26/11/2025,,e6bfe4a, , , , , , , , , , , , , , , , , , , , , , , , , , 
473,2025-11-19,3f53003,bdxhub,Updated date to 26/11/2025,,3f53003, , , , , , , , , , , , , , , , , , , , , , , , , , 
474,2025-11-19,f823744,bdxhub,Updated date to 26/11/2025,,f823744, , , , , , , , , , , , , , , , , , , , , , , , , , 
475,2025-11-19,4ac2941,bdxhub,Updated date to 26/11/2025,,4ac2941, , , , , , , , , , , , , , , , , , , , , , , , , , 
476,2025-11-19,ec1bd2d,bdxhub,Updated date to 26/11/2025,,ec1bd2d, , , , , , , , , , , , , , , , , , , , , , , , , , 
477,2025-11-19,34f6a8f,bdxhub,Updated date to 26/11/2025,,34f6a8f, , , , , , , , , , , , , , , , , , , , , , , , , , 
478,2025-11-19,2e2d0d1,bdxhub,Updated date to 26/11/2025,,2e2d0d1, , , , , , , , , , , , , , , , , , , , , , , , , , 
479,2025-11-19,062f20a,bdxhub,Updated date to 26/11/2025,,062f20a, , , , , , , , , , , , , , , , , , , , , , , , , , 
480,2025-11-19,6408494,bdxhub,UBL-463 and UBL-464,,6408494, , , , , , , , , , , , , , , , , , , , , , , , , , 
481,2025-11-19,0f7a181,bdxhub,UBL-462,,0f7a181, , , , , , , , , , , , , , , , , , , , , , , , , , 
482,2025-11-19,dddad3c,bdxhub,Fixed /article/section[7]/section[2] title,,dddad3c, , , , , , , , , , , , , , , , , , , , , , , , , , 
483,2025-11-20,685632a,bdxhub,Debugging /article/section[7]/section[2] id/title,,685632a, , , , , , , , , , , , , , , , , , , , , , , , , , 
484,2025-11-20,a04ecee,bdxhub,Debugging /article/section[7]/section[2],,a04ecee, , , , , , , , , , , , , , , , , , , , , , , , , , 
485,2025-11-20,5bc99dd,bdxhub,Added Waste Movement/Notification,,5bc99dd, , , , , , , , , , , , , , , , , , , , , , , , , , 
486,2025-11-20,95c6ce2,bdxhub,Fixed Semantic Conformance reference from 4.7,,95c6ce2, , , , , , , , , , , , , , , , , , , , , , , , , , 
487,2025-11-20,98248b3,bdxhub,Waste Movement processes,,98248b3, , , , , , , , , , , , , , , , , , , , , , , , , , 
488,2025-11-20,50509b3,bdxhub,Waste Movement processes,,50509b3, , , , , , , , , , , , , , , , , , , , , , , , , , 
489,2025-11-20,b8d3a9f,bdxhub,Waste Movement processes,,b8d3a9f, , , , , , , , , , , , , , , , , , , , , , , , , , 
490,2025-11-20,853264c,bdxhub,Delete art/UBL-2.5-WasteMovementStatementProcess.png,,853264c, , , , , , , , , , , , , , , , , , , , , , , , , , 
491,2025-11-20,0c0b4a9,bdxhub,Waste Notification Process,,0c0b4a9, , , , , , , , , , , , , , , , , , , , , , , , , , 
492,2025-11-20,24ac8c7,bdxhub,Waste Notification Process,,24ac8c7, , , , , , , , , , , , , , , , , , , , , , , , , , 
493,2025-11-20,c8303d0,bdxhub,Delete htmlart/UBL-2.5-WasteMovementStatementProcess.png,,c8303d0, , , , , , , , , , , , , , , , , , , , , , , , , , 
494,2025-11-20,d7e1f8f,bdxhub,Waste Notification Process (corrected resolution),,d7e1f8f, , , , , , , , , , , , , , , , , , , , , , , , , , 
495,2025-11-20,fef8885,bdxhub,Waste Notification Process,,fef8885, , , , , , , , , , , , , , , , , , , , , , , , , , 
496,2025-11-20,1946baf,bdxhub,Delete images/UBL-2.5-WasteMovementStatementProcess.drawio,,1946baf, , , , , , , , , , , , , , , , , , , , , , , , , , 
497,2025-11-20,a911c6f,bdxhub,Added Waste Shipment Management,,a911c6f, , , , , , , , , , , , , , , , , , , , , , , , , , 
498,2025-11-20,2a049a5,bdxhub,Waste Shipment Management process,,2a049a5, , , , , , , , , , , , , , , , , , , , , , , , , , 
499,2025-11-20,2b5ea0f,bdxhub,Fixed waste movement process id,,2b5ea0f, , , , , , , , , , , , , , , , , , , , , , , , , , 
500,2025-11-20,8a1853d,bdxhub,Fixed new docs annex,,8a1853d, , , , , , , , , , , , , , , , , , , , , , , , , , 
#,Date,SHA,Author,Message,Event,ubl-2.5,ubl-2.4-csd01wd02,ubl-2.5-python,ubl-2.3-csd05-copy,ubl-2.3-cs02,ubl-2.3-os,ubl-2.3-os-iso,review,main,tsc-ubl-2.5-experimental,ubl-2.4-os,ubl-2.4-os-iso-pub,retest,ubl-2.5-kenneth,server-test,kentest,ubl-2.5-retry,ubl-2.5-dev,UBL-433-xsd-doc,ubl-2.5-2025-layout,ubl-2.4-csd01wd01,ubl-2.4-csd01,ubl-2.4-csd02-prd01-13,ubl-2.4-csd02-tsc,ubl-2.4-csd02,ubl-2.4-cs01-work,ubl-2.4-cs01
501,2025-11-21,3c9b3d3,bdxhub,"Updated section 8, Minor Revision: UBL 2.5",,3c9b3d3, , , , , , , , , , , , , , , , , , , , , , , , , , 
502,2025-12-02,915601b,kduvekot,update UBL.xml,,915601b, , , , , , , , , , , , , , , , , , , , , , , , , , 
503,2025-12-03,75166c7,bdxhub,Editorship to be confirmed by TC,,75166c7, , , , , , , , , , , , , , , , , , , , , , , , , , 
504,2025-12-03,c142e81,bdxhub,Updated date to today,,c142e81, , , , , , , , , , , , , , , , , , , , , , , , , , 
505,2025-12-03,c4ec1d3,bdxhub,Updated date to today,,c4ec1d3, , , , , , , , , , , , , , , , , , , , , , , , , , 
506,2025-12-03,26f78f0,bdxhub,Updated date to today,,26f78f0, , , , , , , , , , , , , , , , , , , , , , , , , , 
507,2025-12-03,1de941a,bdxhub,Updated date to today,,1de941a, , , , , , , , , , , , , , , , , , , , , , , , , , 
508,2025-12-03,599ce87,bdxhub,Updated date to today,,599ce87, , , , , , , , , , , , , , , , , , , , , , , , , , 
509,2025-12-03,085a809,bdxhub,Updated date to today,,085a809, , , , , , , , , , , , , , , , , , , , , , , , , , 
510,2025-12-03,038fcb5,bdxhub,Updated date to today,,038fcb5, , , , , , , , , , , , , , , , , , , , , , , , , , 
511,2025-12-03,deaf31f,bdxhub,Updated date to today,,deaf31f, , , , , , , , , , , , , , , , , , , , , , , , , , 
512,2025-12-03,9e3e395,bdxhub,Updated date to today,,9e3e395, , , , , , , , , , , , , , , , , , , , , , , , , , 
513,2025-12-03,1ae74f8,bdxhub,Updated date to today,,1ae74f8, , , , , , , , , , , , , , , , , , , , , , , , , , 
514,2025-12-03,b122814,bdxhub,Updated date to today,BRANCH: server-test | BRANCH: ubl-2.5-2025-layout,b122814 ⊢→server-test ⊢→ubl-2.5-2025-layout, , , , , , , , , , , , , ,⊢→server-test, , , , ,⊢→ubl-2.5-2025-layout, , , , , , , 
515,2026-01-09,90d593d,gkholman,Confirm 2020 layout still works with latest server revision,, , , , , , , , , , , , , , , , , , , ,90d593d, , , , , , , 
516,2026-01-09,6b82240,gkholman,First attempt at 2025 layout,, , , , , , , , , , , , , , , , , , , ,6b82240, , , , , , , 
517,2026-01-10,5e82133,gkholman,Change library references from 0.8 to 0.9,, , , , , , , , , , , , , , , , , , , ,5e82133, , , , , , , 
518,2026-01-10,d417900,gkholman,More library references from 0.8 to 0.9,, , , , , , , , , , , , , , , , , , , ,d417900, , , , , , , 
519,2026-01-10,4c426d8,gkholman,Remove BASH-isms from shell invocations for latest GitHub conformance,, , , , , , , , , , , , , , , , , , , ,4c426d8, , , , , , , 
520,2026-01-10,4f9929a,gkholman,Hack UBL-2.4.xml to point to new location of DocBook DTD,, , , , , , , , , , , , , , , , , , , ,4f9929a, , , , , , , 
521,2026-01-15,5e984b8,gkholman,Test access to production server,BRANCH: kentest | ◆ TIP: ubl-2.5-2025-layout, , , , , , , , , , , , , , , ,⊢→kentest, , , ,5e984b8 ⊢→kentest, , , , , , , 
522,2026-01-21,68aabb9,gkholman,Retry server access,◆ TIP: server-test, , , , , , , , , , , , , , ,68aabb9, , , , , , , , , , , , 
523,2026-01-21,64ad501,gkholman,Retry server access,, , , , , , , , , , , , , , , ,64ad501, , , , , , , , , , , 
524,2026-01-21,7f8f046,gkholman,Run on Réalta QA server for server test,◆ TIP: kentest, , , , , , , , , , , , , , , ,7f8f046, , , , , , , , , , , 
525,2026-01-21,f738ca3,gkholman,Retry with unchanged .gc files,◆ TIP: ubl-2.5-retry, , , , , , , , , , , , , , , , ,f738ca3, , , , , , , , , , 
526,2026-01-21,49dae5c,kduvekot,resubit .g files,,49dae5c, , , , , , , , , , , , , , , , , , , , , , , , , , 
527,2026-01-21,ea6223d,bdxhub,Corrected 'UBL 2.3/2.4 is technically a minor release',BRANCH: ubl-2.5-retry,ea6223d ⊢→ubl-2.5-retry, , , , , , , , , , , , , , , ,⊢→ubl-2.5-retry, , , , , , , , , , 
528,2026-01-28,27b46f5,kduvekot,Ubl 2.5 2025 layout,←merged← ubl-2.5-2025-layout,27b46f5, , , , , , , , , , , , , , , , , , , , , , , , , , 
529,2026-02-09,ec5591c,bdxhub,Updated release date,,ec5591c, , , , , , , , , , , , , , , , , , , , , , , , , , 
530,2026-02-09,17945be,bdxhub,Updated release date,,17945be, , , , , , , , , , , , , , , , , , , , , , , , , , 
531,2026-02-09,d7a6368,bdxhub,Updated release date,,d7a6368, , , , , , , , , , , , , , , , , , , , , , , , , , 
532,2026-02-09,221d115,bdxhub,Updated release date,,221d115, , , , , , , , , , , , , , , , , , , , , , , , , , 
533,2026-02-09,64216b2,bdxhub,Updated release date,,64216b2, , , , , , , , , , , , , , , , , , , , , , , , , , 
534,2026-02-09,757fb6d,bdxhub,Updated release date,,757fb6d, , , , , , , , , , , , , , , , , , , , , , , , , , 
535,2026-02-09,a397e38,bdxhub,Updated release date,,a397e38, , , , , , , , , , , , , , , , , , , , , , , , , , 
536,2026-02-09,ba7d5d7,bdxhub,Updated release date,,ba7d5d7, , , , , , , , , , , , , , , , , , , , , , , , , , 
537,2026-02-09,8927dd6,bdxhub,Updated to CSD03 version number,,8927dd6, , , , , , , , , , , , , , , , , , , , , , , , , , 
538,2026-02-09,7f2b4ea,bdxhub,Updated to CSD03 version number,,7f2b4ea, , , , , , , , , , , , , , , , , , , , , , , , , , 
539,2026-02-09,22f30d9,bdxhub,Updated CSD03 version number and release date,,22f30d9, , , , , , , , , , , , , , , , , , , , , , , , , , 
540,2026-02-09,28960f7,bdxhub,Updated CSD03 version and release date,,28960f7, , , , , , , , , , , , , , , , , , , , , , , , , , 
541,2026-02-09,9a4ee63,bdxhub,Updated CSD03 version number,,9a4ee63, , , , , , , , , , , , , , , , , , , , , , , , , , 
542,2026-02-09,18d4448,bdxhub,Updated CSD03 version number,,18d4448, , , , , , , , , , , , , , , , , , , , , , , , , , 
543,2026-02-09,6fbccae,bdxhub,Updated CSD03 version number,,6fbccae, , , , , , , , , , , , , , , , , , , , , , , , , , 
544,2026-02-09,a66c455,bdxhub,CSD02 entities files,,a66c455, , , , , , , , , , , , , , , , , , , , , , , , , , 
545,2026-02-09,3d81e8a,bdxhub,"Updated CSD03 version number, release date, and editor",◆ TIP: ubl-2.5,3d81e8a, , , , , , , , , , , , , , , , , , , , , , , , , , 
